-- MySQL dump 10.13  Distrib 5.7.9, for Win64 (x86_64)
--
-- Host: localhost    Database: RealEstate
-- ------------------------------------------------------
-- Server version	5.7.9-log

/*!40101 SET @OLD_CHARACTER_SET_CLIENT=@@CHARACTER_SET_CLIENT */;
/*!40101 SET @OLD_CHARACTER_SET_RESULTS=@@CHARACTER_SET_RESULTS */;
/*!40101 SET @OLD_COLLATION_CONNECTION=@@COLLATION_CONNECTION */;
/*!40101 SET NAMES utf8 */;
/*!40103 SET @OLD_TIME_ZONE=@@TIME_ZONE */;
/*!40103 SET TIME_ZONE='+00:00' */;
/*!40014 SET @OLD_UNIQUE_CHECKS=@@UNIQUE_CHECKS, UNIQUE_CHECKS=0 */;
/*!40014 SET @OLD_FOREIGN_KEY_CHECKS=@@FOREIGN_KEY_CHECKS, FOREIGN_KEY_CHECKS=0 */;
/*!40101 SET @OLD_SQL_MODE=@@SQL_MODE, SQL_MODE='NO_AUTO_VALUE_ON_ZERO' */;
/*!40111 SET @OLD_SQL_NOTES=@@SQL_NOTES, SQL_NOTES=0 */;

--
-- Table structure for table `authoringtemplate`
--

DROP TABLE IF EXISTS `authoringtemplate`;
/*!40101 SET @saved_cs_client     = @@character_set_client */;
/*!40101 SET character_set_client = utf8 */;
CREATE TABLE `authoringtemplate` (
  `AuthoringTemplateID` bigint(20) NOT NULL AUTO_INCREMENT,
  `Code` varchar(40) NOT NULL,
  `Name` varchar(255) NOT NULL,
  `TemplateContent` longtext,
  `CreatedDate` timestamp NOT NULL DEFAULT CURRENT_TIMESTAMP ON UPDATE CURRENT_TIMESTAMP,
  `ModifiedDate` timestamp NOT NULL DEFAULT '0000-00-00 00:00:00',
  `AreProduct` int(11) DEFAULT NULL,
  PRIMARY KEY (`AuthoringTemplateID`),
  UNIQUE KEY `Code` (`Code`)
) ENGINE=InnoDB AUTO_INCREMENT=5 DEFAULT CHARSET=utf8;
/*!40101 SET character_set_client = @saved_cs_client */;

--
-- Dumping data for table `authoringtemplate`
--

LOCK TABLES `authoringtemplate` WRITE;
/*!40000 ALTER TABLE `authoringtemplate` DISABLE KEYS */;
INSERT INTO `authoringtemplate` VALUES (2,'Static HTML','Trang tĩnh','<?xml version=\"1.0\" encoding=\"UTF-8\"?>\n<authoringTemplate><nodes><node><attributeName>headerContent</attributeName><displayName>Nội dung đầu trang</displayName><type>RICH_TEXT</type><defaultValue><![CDATA[]]></defaultValue><constraintValues><![CDATA[]]></constraintValues><minOccurs>1</minOccurs><maxOccurs>1</maxOccurs></node><node><attributeName>content</attributeName><displayName>Nội dung</displayName><type>RICH_TEXT</type><defaultValue><![CDATA[]]></defaultValue><constraintValues><![CDATA[]]></constraintValues><minOccurs>1</minOccurs><maxOccurs>1</maxOccurs></node><node><attributeName>footerContent</attributeName><displayName>Nội dung cuối trang</displayName><type>RICH_TEXT</type><defaultValue><![CDATA[]]></defaultValue><constraintValues><![CDATA[]]></constraintValues><minOccurs>1</minOccurs><maxOccurs>1</maxOccurs></node></nodes></authoringTemplate>\n','2015-12-06 03:12:09','2015-12-20 10:48:22',0),(3,'News','Tin tức','<?xml version=\"1.0\" encoding=\"UTF-8\"?>\n<authoringTemplate><nodes><node><attributeName>headerContent</attributeName><displayName>Nội dung đầu trang</displayName><type>RICH_TEXT</type><defaultValue><![CDATA[]]></defaultValue><constraintValues><![CDATA[]]></constraintValues><minOccurs>1</minOccurs><maxOccurs>1</maxOccurs></node><node><attributeName>content</attributeName><displayName>Nội dung</displayName><type>RICH_TEXT</type><defaultValue><![CDATA[]]></defaultValue><constraintValues><![CDATA[]]></constraintValues><minOccurs>1</minOccurs><maxOccurs>1</maxOccurs></node><node><attributeName>footerContent</attributeName><displayName>Nội dung cuối trang</displayName><type>RICH_TEXT</type><defaultValue><![CDATA[]]></defaultValue><constraintValues><![CDATA[]]></constraintValues><minOccurs>1</minOccurs><maxOccurs>1</maxOccurs></node><node><attributeName>images</attributeName><displayName>Hình ảnh</displayName><type>IMAGE</type><defaultValue><![CDATA[]]></defaultValue><constraintValues><![CDATA[]]></constraintValues><minOccurs>1</minOccurs><maxOccurs>100</maxOccurs></node></nodes></authoringTemplate>\n','2015-12-06 03:13:38','2015-12-27 08:41:47',0),(4,'Product','Dự án','<?xml version=\"1.0\" encoding=\"UTF-8\"?>\n<authoringTemplate><nodes><node><attributeName>headerContent</attributeName><displayName>Nội dung đầu trang</displayName><type>RICH_TEXT</type><defaultValue><![CDATA[]]></defaultValue><constraintValues><![CDATA[]]></constraintValues><minOccurs>1</minOccurs><maxOccurs>1</maxOccurs></node><node><attributeName>mapHeader</attributeName><displayName>Tiêu đề</displayName><type>PLAIN_TEXT</type><defaultValue><![CDATA[]]></defaultValue><constraintValues><![CDATA[]]></constraintValues><minOccurs>1</minOccurs><maxOccurs>10</maxOccurs></node><node><attributeName>mapContent</attributeName><displayName>mapContent</displayName><type>RICH_TEXT</type><defaultValue><![CDATA[]]></defaultValue><constraintValues><![CDATA[]]></constraintValues><minOccurs>1</minOccurs><maxOccurs>10</maxOccurs></node><node><attributeName>footerContent</attributeName><displayName>Nội dung cuối trang</displayName><type>RICH_TEXT</type><defaultValue><![CDATA[]]></defaultValue><constraintValues><![CDATA[]]></constraintValues><minOccurs>1</minOccurs><maxOccurs>1</maxOccurs></node><node><attributeName>gallery</attributeName><displayName>Hình ảnh</displayName><type>IMAGE</type><defaultValue><![CDATA[]]></defaultValue><constraintValues><![CDATA[]]></constraintValues><minOccurs>1</minOccurs><maxOccurs>100</maxOccurs></node></nodes></authoringTemplate>\n','2015-12-12 10:08:46','2015-12-20 10:45:25',1);
/*!40000 ALTER TABLE `authoringtemplate` ENABLE KEYS */;
UNLOCK TABLES;

--
-- Table structure for table `category`
--

DROP TABLE IF EXISTS `category`;
/*!40101 SET @saved_cs_client     = @@character_set_client */;
/*!40101 SET character_set_client = utf8 */;
CREATE TABLE `category` (
  `CategoryID` bigint(20) NOT NULL AUTO_INCREMENT,
  `Code` varchar(255) NOT NULL,
  `Name` varchar(255) NOT NULL,
  `PrefixUrl` varchar(255) DEFAULT NULL,
  `Description` varchar(255) DEFAULT NULL,
  `DisplayOrder` int(11) DEFAULT '1',
  `AuthoringTemplateID` bigint(20) NOT NULL,
  `ParentID` bigint(20) DEFAULT NULL,
  `CreatedDate` timestamp NOT NULL DEFAULT CURRENT_TIMESTAMP ON UPDATE CURRENT_TIMESTAMP,
  `ModifiedDate` timestamp NOT NULL DEFAULT '0000-00-00 00:00:00',
  `Keyword` varchar(255) DEFAULT NULL,
  `Title` varchar(255) DEFAULT NULL,
  PRIMARY KEY (`CategoryID`),
  UNIQUE KEY `Code` (`Code`),
  KEY `AuthoringTemplateID` (`AuthoringTemplateID`),
  KEY `ParentID` (`ParentID`),
  KEY `FK6DD211EC8932500` (`CategoryID`),
  CONSTRAINT `FK6DD211EC8932500` FOREIGN KEY (`CategoryID`) REFERENCES `category` (`CategoryID`),
  CONSTRAINT `category_ibfk_1` FOREIGN KEY (`AuthoringTemplateID`) REFERENCES `authoringtemplate` (`AuthoringTemplateID`) ON DELETE NO ACTION ON UPDATE NO ACTION,
  CONSTRAINT `category_ibfk_2` FOREIGN KEY (`ParentID`) REFERENCES `category` (`CategoryID`) ON DELETE NO ACTION ON UPDATE NO ACTION
) ENGINE=InnoDB AUTO_INCREMENT=8 DEFAULT CHARSET=utf8;
/*!40101 SET character_set_client = @saved_cs_client */;

--
-- Dumping data for table `category`
--

LOCK TABLES `category` WRITE;
/*!40000 ALTER TABLE `category` DISABLE KEYS */;
INSERT INTO `category` VALUES (1,'san pham','Dự án','products','nha cua bat dong san',1,4,NULL,'2015-12-12 10:09:52','2015-12-18 13:53:40','nha cua bat dong san',NULL),(2,'tin tuc','Tin tức','news','nhung tin tuc bat dong san Ho Chi Minh va cac khu vuc khac',2,3,NULL,'2015-12-12 10:10:18','2015-12-20 00:03:59','tin tuc bat dong san','Tin tuc bat dong san Ho Chi Minh va cac khu vuc khac'),(3,'gioi thieu','Giới thiệu','page','Giới thiệu',3,2,NULL,'2015-12-12 10:11:00','2015-12-20 14:11:38','','Giới thiệu'),(4,'lien he','Liên hệ','page','Liên hệ',4,2,NULL,'2015-12-12 10:11:44','2015-12-20 14:12:01','','Liên hệ'),(5,'can ho','Căn hộ','products','Can ho Ho Chi Minh',1,4,1,'2015-12-12 10:52:05','2015-12-19 23:34:44','Can ho Ho Chi Minh','Can ho Ho Chi Minh'),(6,'shop house and officetel','Shop House & Officetel','products','Shop House & Officetel',2,4,1,'2015-12-12 10:52:56','2015-12-19 23:35:05','Shop House & Officetel','Cua hang va van phong cho thue'),(7,'dat nen','Đất nền','products','dat nen, du an bat dong san',3,4,1,'2015-12-12 10:53:27','2015-12-19 23:36:07','dat nen, du an bat dong san','Du an bat dong san ');
/*!40000 ALTER TABLE `category` ENABLE KEYS */;
UNLOCK TABLES;

--
-- Table structure for table `categorytype`
--

DROP TABLE IF EXISTS `categorytype`;
/*!40101 SET @saved_cs_client     = @@character_set_client */;
/*!40101 SET character_set_client = utf8 */;
CREATE TABLE `categorytype` (
  `CategoryTypeID` bigint(20) NOT NULL AUTO_INCREMENT,
  `Code` varchar(255) NOT NULL,
  `Name` varchar(255) NOT NULL,
  `Description` varchar(255) DEFAULT NULL,
  `DisplayOrder` int(11) DEFAULT '1',
  `CreatedDate` timestamp NOT NULL DEFAULT CURRENT_TIMESTAMP ON UPDATE CURRENT_TIMESTAMP,
  `ModifiedDate` timestamp NOT NULL DEFAULT '0000-00-00 00:00:00',
  `Unit` varchar(100) DEFAULT NULL,
  PRIMARY KEY (`CategoryTypeID`),
  UNIQUE KEY `Code` (`Code`)
) ENGINE=InnoDB AUTO_INCREMENT=4 DEFAULT CHARSET=utf8;
/*!40101 SET character_set_client = @saved_cs_client */;

--
-- Dumping data for table `categorytype`
--

LOCK TABLES `categorytype` WRITE;
/*!40000 ALTER TABLE `categorytype` DISABLE KEYS */;
INSERT INTO `categorytype` VALUES (1,'can ho','Căn hộ','Căn hộ, chung cư hay gì đó đại loại thế',1,'2015-12-04 16:38:26','2015-12-12 09:40:58','m2'),(2,'shop house and officetel','Shop House & Oficetel','SHOP HOUSE & OFFICETEL',2,'2015-12-04 16:39:20','2015-12-12 09:41:09','m2'),(3,'dat nen','Đất nền','Đất nền dự án',3,'2015-12-04 16:40:12','2015-12-12 09:41:16','m2');
/*!40000 ALTER TABLE `categorytype` ENABLE KEYS */;
UNLOCK TABLES;

--
-- Table structure for table `content`
--

DROP TABLE IF EXISTS `content`;
/*!40101 SET @saved_cs_client     = @@character_set_client */;
/*!40101 SET character_set_client = utf8 */;
CREATE TABLE `content` (
  `ContentID` bigint(20) NOT NULL AUTO_INCREMENT,
  `CategoryID` bigint(20) NOT NULL,
  `AuthoringTemplateID` bigint(20) DEFAULT NULL,
  `Title` varchar(255) NOT NULL,
  `Keyword` varchar(255) DEFAULT NULL,
  `Description` varchar(255) DEFAULT NULL,
  `Thumbnails` varchar(255) DEFAULT NULL,
  `DisplayOrder` int(11) DEFAULT '1',
  `Status` int(11) NOT NULL DEFAULT '0',
  `CategoryTypeID` bigint(20) DEFAULT NULL,
  `Location` varchar(255) DEFAULT NULL,
  `LocationID` bigint(20) DEFAULT NULL,
  `Area` varchar(255) DEFAULT NULL,
  `TotalArea` varchar(255) DEFAULT NULL,
  `AreaRatio` varchar(255) DEFAULT NULL,
  `NumberOfBlock` varchar(255) DEFAULT NULL,
  `Cost` int(11) DEFAULT NULL,
  `Unit` varchar(50) DEFAULT NULL,
  `HotItem` tinyint(1) DEFAULT '0',
  `ProductStatus` int(11) DEFAULT NULL,
  `Slide` tinyint(1) DEFAULT '0',
  `XmlData` mediumtext,
  `CreatedDate` timestamp NOT NULL DEFAULT CURRENT_TIMESTAMP ON UPDATE CURRENT_TIMESTAMP,
  `ModifiedDate` timestamp NOT NULL DEFAULT '0000-00-00 00:00:00',
  `PublishedDate` timestamp NOT NULL DEFAULT '0000-00-00 00:00:00',
  `CreatedBy` bigint(20) NOT NULL,
  `Header` varchar(255) DEFAULT NULL,
  PRIMARY KEY (`ContentID`),
  UNIQUE KEY `Title` (`Title`),
  KEY `CategoryID` (`CategoryID`),
  KEY `CategoryTypeID` (`CategoryTypeID`),
  KEY `AuthoringTemplateID` (`AuthoringTemplateID`),
  KEY `CreatedBy` (`CreatedBy`),
  KEY `LocationID` (`LocationID`),
  CONSTRAINT `content_ibfk_1` FOREIGN KEY (`CategoryID`) REFERENCES `category` (`CategoryID`) ON DELETE NO ACTION ON UPDATE NO ACTION,
  CONSTRAINT `content_ibfk_2` FOREIGN KEY (`CategoryTypeID`) REFERENCES `categorytype` (`CategoryTypeID`) ON DELETE NO ACTION ON UPDATE NO ACTION,
  CONSTRAINT `content_ibfk_3` FOREIGN KEY (`AuthoringTemplateID`) REFERENCES `authoringtemplate` (`AuthoringTemplateID`) ON DELETE NO ACTION ON UPDATE NO ACTION,
  CONSTRAINT `content_ibfk_4` FOREIGN KEY (`CreatedBy`) REFERENCES `users` (`UserID`) ON DELETE NO ACTION ON UPDATE NO ACTION,
  CONSTRAINT `content_ibfk_5` FOREIGN KEY (`LocationID`) REFERENCES `location` (`LocationID`) ON DELETE NO ACTION ON UPDATE NO ACTION
) ENGINE=InnoDB AUTO_INCREMENT=17 DEFAULT CHARSET=utf8;
/*!40101 SET character_set_client = @saved_cs_client */;

--
-- Dumping data for table `content`
--

LOCK TABLES `content` WRITE;
/*!40000 ALTER TABLE `content` DISABLE KEYS */;
INSERT INTO `content` VALUES (1,2,3,'Mua căn hộ 9 view quận 9 nhận gói nội thất cao cấp','căn hộ 9 view quận 9','Từ nay đến hết ngày 31/1/2015, khách hàng đặt mua thành công căn hộ tại dự án căn hộ 9 view của hưng thịnh sẻ được  chủ đầu tặng gói nội thất cao cấp hoàn thiện trị giá lên tới 50 triệu đồng.','/vms-web/contents/canho9view.jpg',0,1,NULL,NULL,NULL,NULL,NULL,NULL,NULL,NULL,NULL,0,0,0,'<?xml version=\"1.0\" encoding=\"UTF-8\"?>\n<contentItem><items><item displayName=\"Nội dung đầu trang\" maxOccurs=\"1\"\n            minOccurs=\"1\" itemType=\"RICH_TEXT\"\n            itemKey=\"headerContent\"><itemValue><![CDATA[Từ nay đến hết ng&agrave;y 31/1/2015, kh&aacute;ch h&agrave;ng đặt mua th&agrave;nh c&ocirc;ng căn hộ tại dự &aacute;n căn hộ 9 view của hưng thịnh sẻ được chủ đầu tặng g&oacute;i nội thất cao cấp ho&agrave;n thiện trị gi&aacute; l&ecirc;n tới 50 triệu đồng.]]></itemValue></item><item\n            displayName=\"Nội dung\" maxOccurs=\"1\" minOccurs=\"1\"\n            itemType=\"RICH_TEXT\"\n            itemKey=\"content\"><itemValue><![CDATA[C&aacute;c căn hộ tại dự &aacute;n căn hộ 9 view c&oacute; thiết kế diện t&iacute;ch đa dạng từ 58m2 &ndash; 90 m2 từ 2 đến 3 ph&ograve;ng ngủ . được thiết kế nội thất theo xu hướng th&ocirc;ng minh, linh hoạt, tận dụng tối đa mọi g&oacute;c nhỏ trong ng&ocirc;i nh&agrave;, tạo kh&ocirc;ng gian rộng tho&aacute;ng v&agrave; đ&aacute;p ứng tối đa nhu cầu sinh hoạt của cư d&acirc;n. Căn hộ 9 view quận 9 đ&atilde; phối chọn nhiều sản phẩm nội thất tạo n&ecirc;n kh&ocirc;ng gian sống trẻ trung, thời thượng với bầu kh&ocirc;ng kh&iacute; th&acirc;n mật.<br />\r\n&nbsp;\r\n<div style=\"text-align: center;\"><img alt=\"\" src=\"/repository/vms-web/images/tin-tuc/canho9view.jpg\" style=\"width: 700px; height: 481px;\" /><br />\r\n<i>thiết kế căn hộ 9 view quận 9 hưng thịnh</i><br />\r\n&nbsp;</div>\r\nC&aacute;c ph&ograve;ng trong căn hộ được thiết kế theo phong c&aacute;ch hiện đại, kh&ocirc;ng gian mở, đường n&eacute;t giản đơn, tinh tế, mang đến cảm gi&aacute;c dễ chịu v&agrave; sạch sẽ cho mọi th&agrave;nh vi&ecirc;n trong gia đ&igrave;nh. Kh&ocirc;ng gian nội thất được ch&uacute; trọng để tạo ra sự ấm &aacute;p từ mọi g&oacute;c nh&igrave;n trong căn hộ rộng r&atilde;i, ph&ugrave; hợp với thị hiếu của những hộ gia đ&igrave;nh trẻ, năng động.<br />\r\n<br />\r\nNhững căn hộ 9 view quận 9 c&oacute; diện t&iacute;ch tr&ecirc;n 80 m2 với 3 ph&ograve;ng ngủ được chủ đầu tư hưng thịnh thiết kế linh hoạt, sang trọng, tối ưu h&oacute;a c&ocirc;ng năng. Ph&ograve;ng kh&aacute;ch li&ecirc;n th&ocirc;ng với ph&ograve;ng ăn tinh tế l&agrave;m kh&ocirc;ng gian trở n&ecirc;n rộng tho&aacute;ng hơn, th&iacute;ch hợp với gia đ&igrave;nh đa thế hệ, vừa c&oacute; sự ri&ecirc;ng tư vừa c&oacute; kh&ocirc;ng gian sinh hoạt chung đầm ấm. Giữa bếp v&agrave; ph&ograve;ng kh&aacute;ch được ngăn c&aacute;ch bởi quầy bar mini nhỏ xinh, c&aacute; t&iacute;nh, tạo sự kết nối giữa gia chủ v&agrave; kh&aacute;ch tới thăm nh&agrave;. Đ&acirc;y l&agrave; nơi l&yacute; tưởng để c&aacute;c th&agrave;nh vi&ecirc;n sum họp tr&ograve; chuyện, thư gi&atilde;n mỗi ng&agrave;y.<br />\r\n&nbsp;\r\n<div style=\"text-align: center;\"><i><img alt=\"\" src=\"/repository/vms-web/images/tin-tuc/phongkhachcanho9viewquan9.jpg\" style=\"width: 700px; height: 481px;\" /></i></div>\r\n\r\n<div style=\"text-align: center;\"><i>ph&ograve;ng kh&aacute;ch tr&agrave;n ngập &aacute;nh s&aacute;ng căn hộ 9 view</i><br />\r\n&nbsp;</div>\r\nCăn hộ 9 view Nằm trong cụm khu d&acirc;n cư tăng nhơn ph&uacute; , 9 view thừa hưởng to&agrave;n bộ hệ thống cơ sở vật chất, hạ tầng của c&aacute;c biệt thự l&acirc;n cận đặt biệt l&agrave; tuyến me6tro bến th&agrave;nh suối ti&ecirc;n ngay ga số 10 ( ng&atilde; tư bỉnh th&aacute;i ) C&ugrave;ng với đ&oacute; l&agrave; cộng đồng d&acirc;n cư hi&ecirc;̣n hữu, hệ thống giáo dục từ mầm non đ&ecirc;́n trung học ph&ocirc;̉ th&ocirc;ng ch&acirc;́t lượng cao, ph&ograve;ng tập gym hiện đại, hệ thống quản l&yacute; ra v&agrave;o th&ocirc;ng minh&hellip;<br />\r\n<br />\r\nCă hộ 9 view quận 9 c&ograve;n sở hữu những tiện &iacute;ch chỉ d&agrave;nh ri&ecirc;ng cho c&aacute;c cư d&acirc;n như bể bơi ngo&agrave;i trời, hệ thống c&ocirc;ng vi&ecirc;n c&acirc;y xanh rộng lớn khu trung t&acirc;m . Sảnh đ&oacute;n tiếp rộng lớn v&agrave; lịch sự cho mỗi tầng, nơi cư d&acirc;n tiếp đ&oacute;n bạn b&egrave;, tr&ograve; chuyện v&agrave; giao lưu cộng đồng. Hệ thống thu gom r&aacute;c thải theo tầng. Hệ thống &acirc;m thanh chất lượng, thường xuy&ecirc;n th&ocirc;ng b&aacute;o c&aacute;c hoạt động chung cho cư d&acirc;n. Hệ thống camera 24/24, ra v&agrave;o bằng thẻ từ, đảm bảo an to&agrave;n cho cư d&acirc;n t&ograve;a nh&agrave;.<br />\r\n&nbsp;\r\n<div style=\"text-align: center;\"><i><img alt=\"\" src=\"/repository/vms-web/images/tin-tuc/tienichcanho9view.jpg\" style=\"width: 700px; height: 481px;\" /></i></div>\r\n\r\n<div style=\"text-align: center;\"><i>tiện &iacute;ch c&ocirc;ng vi&ecirc;n xanh rộng lớn</i><br />\r\n&nbsp;</div>\r\nCăn hộ 9 view quận 9 được chủ đầu tư hưng thịnh bắt đầu triễn khai v&agrave; x&acirc;y dựng . dự kiến căn hộ sẻ được b&agrave;n giao v&agrave;o cuối năm 2018 .. C&aacute;c căn hộ tr&ecirc;n 80 m2 của căn hộ 9 view c&oacute; gi&aacute; b&aacute;n dưới 1,5 tỷ đồng. đ&acirc;y được xem l&agrave; mức gi&aacute; rẻ nhất chưa từng c&oacute; tại khu vực , theo giới đầu tư bất động sản khu đ&ocirc;ng nhận x&eacute;t . 9 view hứa hẹn sẻ tạo được tiến vang lớn trong dịp cuối năm 2015 .]]></itemValue></item><item\n            displayName=\"Nội dung cuối trang\" maxOccurs=\"1\"\n            minOccurs=\"1\" itemType=\"RICH_TEXT\"\n            itemKey=\"footerContent\"/><item displayName=\"Hình ảnh\"\n            maxOccurs=\"100\" minOccurs=\"1\" itemType=\"IMAGE\" itemKey=\"images\"/></items></contentItem>\n','2015-12-27 08:25:25','2015-12-27 08:49:27','2015-12-27 08:28:39',1,'Mua căn hộ 9 view quận 9 nhận gói nội thất cao cấp'),(2,2,3,'BIDV ưu đãi lãi suất người mua căn hộ sài gòn mia trung sơn','căn hộ sài gòn mia trung sơn, bidv ưu đãi lãi suất','Khách hàng có nhu cầu vay vốn mua nhà tại căn hộ sài gòn mia trung sơn  qua ngân hàng BIDV sẽ được hưởng mức lãi suất 7% một năm trong vòng 12 tháng.','/vms-web/contents/nhamaucanhosaigonmia5.jpg',0,1,NULL,NULL,NULL,NULL,NULL,NULL,NULL,NULL,NULL,0,0,0,'<?xml version=\"1.0\" encoding=\"UTF-8\"?>\n<contentItem><items><item displayName=\"Nội dung đầu trang\" maxOccurs=\"1\"\n            minOccurs=\"1\" itemType=\"RICH_TEXT\"\n            itemKey=\"headerContent\"><itemValue><![CDATA[Khách hàng có nhu cầu vay vốn mua nhà tại căn hộ sài gòn mia trung sơn  qua ngân hàng BIDV sẽ được hưởng mức lãi suất 7% một năm trong vòng 12 tháng.]]></itemValue></item><item\n            displayName=\"Nội dung\" maxOccurs=\"1\" minOccurs=\"1\"\n            itemType=\"RICH_TEXT\"\n            itemKey=\"content\"><itemValue><![CDATA[Tổng gi&aacute; trị khoản vay cho người mua nh&agrave; l&ecirc;n đến 70% gi&aacute; trị căn hộ trong 20 năm. Đ&acirc;y l&agrave; ưu đ&atilde;i m&agrave; C&ocirc;ng ty Kinh doanh Bất động sản hưng thịnh hỗ trợ người mua căn hộ S&agrave;i G&ograve;n Mia Trung Sơn .\r\n<div style=\"text-align: center;\"><img alt=\"\" src=\"/repository/vms-web/images/tin-tuc/nganhanghotroduancanhosaigonmia.jpg\" style=\"width: 700px; height: 481px;\" /></div>\r\n<br />\r\nB&ecirc;n cạnh ưu đ&atilde;i về l&atilde;i suất vay, kh&aacute;ch h&agrave;ng c&ograve;n được miễn ho&agrave;n to&agrave;n ph&iacute; trả nợ trước hạn đối với khoản vay mua căn hộ s&agrave;i g&ograve;n mia . Nhờ đ&oacute;, trong suốt khoảng thời gian 20 &nbsp;năm, kh&aacute;ch h&agrave;ng c&oacute; thể tự c&acirc;n đối khả năng t&agrave;i ch&iacute;nh v&agrave; lộ tr&igrave;nh chi trả vốn một c&aacute;ch hợp l&yacute; v&agrave; linh hoạt.<br />\r\n<br />\r\nTọa lạc tại l&ocirc; đất 12.000m2 mở ra &nbsp;mặt tiền 9A &nbsp;tại khu d&acirc;n cư trung sơn , B&igrave;nh Ch&aacute;nh , TP HCM căn hộ s&agrave;i g&ograve;n mia trung sơn l&agrave; dự &aacute;n bất động sản cao cấp do C&ocirc;ng ty Ph&aacute;t triển Bất động sản hưng thịnh l&agrave;m chủ đầu tư v&agrave; Hưng Thịnh l&agrave; đơn vị độc quyền ph&acirc;n phối.<br />\r\n<br />\r\nCăn hộ s&agrave;i g&ograve;n mia trung sơn được thiết kế theo m&ocirc; h&igrave;nh khu căn hộ cao cấp xen kẽ với những khu vườn xanh m&aacute;t trong một kh&ocirc;ng gian tho&aacute;ng đ&atilde;ng ngay giữa đ&ocirc; thị.<br />\r\n<br />\r\nĐược đầu tư tỉ mỉ trong kh&acirc;u thiết kế, mỗi căn hộ tại s&agrave;i g&ograve;n mia đều c&oacute; sự sắp xếp linh hoạt nhằm tối ưu h&oacute;a diện t&iacute;ch sử dụng v&agrave; đảm bảo sự lưu th&ocirc;ng kh&ocirc;ng kh&iacute; v&agrave; &aacute;nh s&aacute;ng tự nhi&ecirc;n cho căn nh&agrave;.<br />\r\n&nbsp;\r\n<div style=\"text-align: center;\"><i><img alt=\"\" src=\"/repository/vms-web/images/tin-tuc/nhamaucanhosaigonmia5.jpg\" style=\"width: 700px; height: 481px;\" /><br />\r\nph&ograve;ng kh&aacute;ch th&ocirc;ng tho&aacute;ng hiện đại tươi trẻ của căn hộ s&agrave;i g&ograve;n mia</i><br />\r\n&nbsp;</div>\r\nTất cả c&aacute;c ph&ograve;ng trong một căn hộ đều c&oacute; thể đ&oacute;n s&aacute;ng tự nhi&ecirc;n v&agrave; sở hữu tầm nh&igrave;n tho&aacute;ng đ&atilde;ng. C&aacute;c kh&ocirc;ng gian cũng được sắp xếp hợp l&yacute; tạo sự thuận tiện cho c&aacute;c sinh hoạt h&agrave;ng ng&agrave;y, vừa mang n&eacute;t hiện đại ph&ugrave; hợp với lối sống trẻ, vừa t&ocirc;n trọng sự k&iacute;n đ&aacute;o theo truyền thống gia đ&igrave;nh Việt.]]></itemValue></item><item\n            displayName=\"Nội dung cuối trang\" maxOccurs=\"1\"\n            minOccurs=\"1\" itemType=\"RICH_TEXT\"\n            itemKey=\"footerContent\"/><item displayName=\"Hình ảnh\"\n            maxOccurs=\"100\" minOccurs=\"1\" itemType=\"IMAGE\" itemKey=\"images\"/></items></contentItem>\n','2015-12-27 08:34:59','2015-12-27 08:42:24','2015-12-27 08:34:59',1,'BIDV ưu đãi lãi suất người mua căn hộ sài gòn mia trung sơn'),(3,2,3,'Cơ hội sở hữu nhà tại căn hộ 9 view hưng thịnh','căn hộ 9 view, hưng thịnh','Với hầu hết những người trẻ có ngay 800 triệu - 1 tỷ đồng mua nhà thật khó, thậm chí rất khó, nếu không có những nhà đầu tư tâm huyết, không có chính sách và những “nhịp cầu” kết nối thì giới trẻ, lực lượng lao động chính rất quan trọng của đất nước sẽ mã','/vms-web/contents/phoicanhcanho9view.jpg',0,1,NULL,NULL,NULL,NULL,NULL,NULL,NULL,NULL,NULL,0,0,0,'<?xml version=\"1.0\" encoding=\"UTF-8\"?>\n<contentItem><items><item displayName=\"Nội dung đầu trang\" maxOccurs=\"1\"\n            minOccurs=\"1\" itemType=\"RICH_TEXT\"\n            itemKey=\"headerContent\"><itemValue><![CDATA[Với hầu hết những người trẻ c&oacute; ngay 800 triệu - 1 tỷ đồng mua nh&agrave; thật kh&oacute;, thậm ch&iacute; rất kh&oacute;, nếu kh&ocirc;ng c&oacute; những nh&agrave; đầu tư t&acirc;m huyết, kh&ocirc;ng c&oacute; ch&iacute;nh s&aacute;ch v&agrave; những &ldquo;nhịp cầu&rdquo; kết nối th&igrave; giới trẻ, lực lượng lao động ch&iacute;nh rất quan trọng của đất nước sẽ m&atilde;i kh&oacute; khăn .]]></itemValue></item><item\n            displayName=\"Nội dung\" maxOccurs=\"1\" minOccurs=\"1\"\n            itemType=\"RICH_TEXT\"\n            itemKey=\"content\"><itemValue><![CDATA[<div style=\"text-align: center;\"><i><img alt=\"\" src=\"/repository/vms-web/images/tin-tuc/phoicanhcanho9view.jpg\" style=\"width: 700px; height: 481px;\" /><br />\r\nphối cảnh thực tế căn hộ 9 view quận 9 hưng thịnh</i><br />\r\n&nbsp;</div>\r\nNắm được những kh&oacute; khăn đ&oacute; chủ đầu tư bất động sản hưng thịnh tung ra thị trường sản phẩm căn hộ 9 view quận 9 c&oacute; gi&aacute; dưới 1 tỷ . để biến giấc mơ sở hữu nh&agrave; của tất cả mọi người th&agrave;nh hiện thực .<br />\r\n<br />\r\n<strong>Chọn những chủ đầu tư t&acirc;m huyết , uy t&iacute;n</strong><br />\r\n<br />\r\nNhững năm gần đ&acirc;y, nhiều doanh nghiệp tại TPHCM mạnh dạn ti&ecirc;n phong trong việc đầu tư, cung cấp c&aacute;c sản phẩm nh&agrave; ở ph&ugrave; hợp cho giới trẻ. Theo &ocirc;ng nguyễn đ&igrave;nh trung , Tổng gi&aacute;m đốc C&ocirc;ng ty bất động sản hưng thịnh theo thống k&ecirc; những kh&aacute;ch h&agrave;ng trong chuổi căn hộ 8 X của hưng thịnh tr&ecirc;n 70% kh&aacute;ch h&agrave;ng mua nh&agrave; c&oacute; năm sinh từ 1979 trở l&ecirc;n.<br />\r\n<br />\r\nNhận thấy nhu cầu nh&agrave; ở gi&aacute; rẻ l&agrave; rất lớn n&ecirc;n <strong>C&Ocirc;NG TY BẤT ĐỘNG SẢN HƯNG THỊNH</strong> đ&atilde; mạnh dạng đầu tư dự &aacute;n căn hộ 9 view tại quận 9 &nbsp;căn hộ ph&ugrave; hợp về diện t&iacute;ch, tiện nghi d&agrave;nh cho c&aacute;c đ&ocirc;i vợ chồng trẻ, vợ chồng c&oacute; 1-2 con. Diện t&iacute;ch trung b&igrave;nh của căn hộ l&agrave; 58 m2, lớn nhất l&agrave; 90 m2. Với c&aacute;c ch&iacute;nh s&aacute;ch t&iacute;n dụng hiện c&oacute;, nếu hai vợ chồng c&ugrave;ng đi l&agrave;m, c&oacute; tổng thu nhập b&igrave;nh qu&acirc;n từ 18 -25 triệu đồng/th&aacute;ng th&igrave; sở hữu được nh&agrave;. C&ocirc;ng ty c&oacute; nhiều ch&iacute;nh s&aacute;ch hỗ trợ. C&aacute;c bạn trẻ chỉ trả trước 10 % k&yacute; hợp đồng ,3 th&aacute;ng thanh to&aacute;n mỗi đợt 5,5 % . mặt kh&aacute;c căn hộ được ng&acirc;n h&agrave;ng bảo l&atilde;nh cho vay dự &aacute;n l&ecirc;n đến 70% gi&aacute; trị căn hộ &nbsp;, trong thời hạn 20 năm với l&atilde;i xuất ưu đ&atilde;i .<br />\r\n<br />\r\nTừ căn hộ 9 view quận 9 dể d&agrave;ng tiếp cận c&aacute;c tuyến đườn ch&iacute;nh : xa lộ h&agrave; nội , v&agrave;nh đai 2, gia d&igrave;nh bạn c&oacute; thể di chuyển đến c&aacute;c khu vực l&acirc;n cận một c&aacute;ch nhanh ch&oacute;ng : quận 2 ( 9 ph&uacute;t ) , trung t&acirc;m ph&uacute; mỹ hưng ( 15 ph&uacute;t ) , trung t&acirc;m quận 1 ( 20 ph&uacute;t ). Cổng ri&ecirc;ng dẩn từ đường tăng nhơn ph&uacute; dẩn đến dự &aacute;n , tạo sự y&ecirc;n tĩnh v&agrave; an ninh , liền kề c&aacute;c khu tiện &iacute;ch phức hợp : nh&agrave; giữ trẻ tầng 3 , trung t&acirc;m thương mại 6 tầng .<br />\r\n<br />\r\nC&aacute;c tiện &iacute;ch kh&aacute;c như : trường học , si&ecirc;u thị , bệnh viện , khu c&ocirc;ng nghệ cao ...<br />\r\n<br />\r\n&Ocirc;ng nguyển nam hiền , Ph&oacute; Tổng gi&aacute;m đốc Cty bất động sản hưng thịnh cho biết trong hai năm 2015 - 2016, Cty cung cấp 1.600 căn hộ với gi&aacute; b&aacute;n chỉ từ 1-1,1 tỷ đồng/căn, Cty cam kết d&agrave;nh 90% căn hộ cho c&aacute;c kh&aacute;ch h&agrave;ng trẻ.<br />\r\n&nbsp;\r\n<div style=\"text-align: center;\"><img alt=\"\" src=\"/repository/vms-web/images/tin-tuc/thietkephongkhachcanho9view.jpg\" style=\"width: 700px; height: 481px;\" /><br />\r\nthiết kế ph&ograve;ng kh&aacute;ch th&ocirc;ng tho&aacute;ng hiện đại của căn hộ 9 view hưng thịnh<br />\r\n&nbsp;</div>\r\nHiện tại căn hộ 9 view quận 9 quận 9 đang được chủ đầu tư hưng thịnh ch&agrave;o b&aacute;n với mức gi&aacute; 800 triệu/căn . đ&acirc;y được xem l&agrave; mức gi&aacute; tốt nhất chưa từng c&oacute; tại khu vực . qu&yacute; kh&aacute;ch vui l&ograve;ng li&ecirc;n hệ 0902481155 để nhận th&ocirc;ng tin ch&iacute;nh x&aacute;c nhất từ chủ đầu tư dự &aacute;n .]]></itemValue></item><item\n            displayName=\"Nội dung cuối trang\" maxOccurs=\"1\"\n            minOccurs=\"1\" itemType=\"RICH_TEXT\"\n            itemKey=\"footerContent\"/><item displayName=\"Hình ảnh\"\n            maxOccurs=\"100\" minOccurs=\"1\" itemType=\"IMAGE\" itemKey=\"images\"/></items></contentItem>\n','2015-12-27 08:57:05','2015-12-27 08:57:05','2015-12-27 08:57:05',1,'Cơ hội sở hữu nhà tại căn hộ 9 view hưng thịnh'),(4,2,3,'Căn hộ centa park quận tân bình được chủ đầu tư MIK tung ra thị trường','căn hộ centa pack, căn hộ tân bình, chủ đầu tư mik','Căn hộ centa park quận tân bình được chủ đầu tư MIK thiết kế đa dạng 1-3 phòng ngủ, phù hợp với đối tượng từ độc thân đến đại gia đình trong khoảng diện tích 53-92 m2. Tất cả căn hộ đều sở hữu balcony riêng với hai tầm nhìn rộng mở hướng về trung tâm TP H','/vms-web/contents/canhocentapark.jpg',0,1,NULL,NULL,NULL,NULL,NULL,NULL,NULL,NULL,NULL,0,0,0,'<?xml version=\"1.0\" encoding=\"UTF-8\"?>\n<contentItem><items><item displayName=\"Nội dung đầu trang\" maxOccurs=\"1\"\n            minOccurs=\"1\" itemType=\"RICH_TEXT\"\n            itemKey=\"headerContent\"><itemValue><![CDATA[Căn hộ centa park quận t&acirc;n b&igrave;nh được chủ đầu tư MIK thiết kế đa dạng 1-3 ph&ograve;ng ngủ, ph&ugrave; hợp với đối tượng từ độc th&acirc;n đến đại gia đ&igrave;nh trong khoảng diện t&iacute;ch 53-92 m2. Tất cả căn hộ đều sở hữu balcony ri&ecirc;ng với hai tầm nh&igrave;n rộng mở hướng về trung t&acirc;m TP HCM . S&acirc;n giặt phơi tại centa park được bố tr&iacute; ri&ecirc;ng biệt với gi&oacute; v&agrave; &aacute;nh s&aacute;ng tự nhi&ecirc;n, đảm bảo về sức khỏe v&agrave; t&iacute;nh thẩm mỹ cho to&agrave;n khu.<br />\r\n&nbsp;&nbsp;\r\n<div style=\"text-align: center;\"><i><img alt=\"\" src=\"/repository/vms-web/images/tin-tuc/canhocentapark.jpg\" style=\"width: 700px; height: 481px;\" /></i></div>\r\n\r\n<div style=\"text-align: center;\"><i>phối cảnh căn hộ centa park quận t&acirc;n b&igrave;nh</i><br />\r\n&nbsp;</div>\r\nĐược ph&aacute;t triển theo phong c&aacute;ch căn hộ xanh Malaysia kết hợp sự tinh tế, hiệu quả của Singapore, c&aacute;c ph&ograve;ng chức năng của căn hộ centa park quận t&acirc;n b&igrave;nh &nbsp;được bố tr&iacute; hợp l&yacute; về c&ocirc;ng năng, h&agrave;i h&ograve;a v&agrave; sang trọng về thẩm mỹ. Dự &aacute;n c&oacute; h&agrave;nh lang th&ocirc;ng tho&aacute;ng, rộng r&atilde;i đến 1,8m, lớn hơn so với c&aacute;c h&agrave;nh lang th&ocirc;ng thường chỉ 1,4 m. 3 thang m&aacute;y d&agrave;nh ri&ecirc;ng cho 10 căn hộ v&agrave; thiết kế &quot;single loaded&quot; chỉ với 5 căn hộ chung tr&ecirc;n một h&agrave;nh lang.<br />\r\n<br />\r\nĐiểm nhấn tại khu căn hộ centa park quận t&acirc;n b&igrave;nh l&agrave; c&aacute;c tiện &iacute;ch nội khu bố tr&iacute; h&agrave;i h&ograve;a với 2 khu vực trong nh&agrave; v&agrave; ngo&agrave;i trời, tạo n&ecirc;n sự đa dạng v&agrave; đ&aacute;p ứng nhu cầu của từng cư d&acirc;n. Khu tiện &iacute;ch c&oacute; quy m&ocirc; hơn 0,4ha gồm c&ocirc;ng vi&ecirc;n v&agrave; hồ bơi tr&ecirc;n kh&ocirc;ng (Sky Park - Sky Pool), tr&ograve; chơi nước cho trẻ em (Kid Water Park), lối dạo bộ tr&ecirc;n kh&ocirc;ng (Sky Walk), vườn &aacute;nh sao (Star View) v&agrave; c&aacute;c tiện &iacute;ch tr&ecirc;n kh&ocirc;ng kh&aacute;c.<br />\r\n<br />\r\nDự &aacute;n c&ograve;n c&oacute; hệ thống nh&agrave; h&agrave;ng, c&agrave; ph&ecirc;, bar trong nh&agrave; v&agrave; ngo&agrave;i trời được chia l&agrave;m 3 khu vực với 3 phong c&aacute;ch ch&acirc;u &Aacute;, ch&acirc;u &Acirc;u v&agrave; Địa Trung Hải. C&acirc;u lạc bộ gym - yoga - sauna với thiết kế v&agrave; trang thiết bị hiện đại được nhập khẩu trực tiếp từ Italy rộng hơn 500m2, nh&agrave; trẻ quốc tế ngay tại khu&ocirc;n vi&ecirc;n của t&ograve;a nh&agrave;&hellip; Hai sảnh Resident Lounge ri&ecirc;ng biệt được thiết kế theo chuẩn căn hộ kh&aacute;ch sạn với hệ thống Wi-Fi miễn ph&iacute; phủ khắp to&agrave;n bộ khu vực c&ocirc;ng cộng.<br />\r\n<br />\r\nMỗi block căn hộ centa park đều c&oacute; sảnh đ&oacute;n với ph&ograve;ng lấy thư ri&ecirc;ng, được quản l&yacute; bằng hệ thống an ninh thẻ từ 24/7. Ngo&agrave;i ra, để đảm bảo sự an ninh v&agrave; ri&ecirc;ng biệt cho cư d&acirc;n, AnphaCorp v&agrave; MIK đ&atilde; ph&aacute;t triển hệ thống thang m&aacute;y ri&ecirc;ng cho khu vực c&ocirc;ng cộng v&agrave; thương mại (từ tầng trệt l&ecirc;n đến tầng 4), t&aacute;ch biệt ho&agrave;n to&agrave;n với thang của cư d&acirc;n. Hệ thống thẻ từ ngăn c&aacute;ch khu vực c&ocirc;ng cộng v&agrave; khu vực tiện &iacute;ch ri&ecirc;ng của cư d&acirc;n, hệ thống giữ xe tự động th&ocirc;ng minh với tầng hầm kết nối th&ocirc;ng suốt 4 block nh&agrave;.<br />\r\n<br />\r\nCăn hộ centa park &nbsp;tọa lạc tại ngay khu vực trung t&acirc;m quận t&acirc;n b&igrave;nh, với 4 mặt tiền tiếp gi&aacute;p &Acirc;u Cơ , Lạc long quận , thoại ngọc hầu v&agrave; b&agrave;u c&aacute;t &nbsp;. Nhờ vậy từ dự &aacute;n di chuyển v&agrave; kết nối dễ d&agrave;ng với khu c&ocirc;ng nghiệp t&acirc;n b&igrave;nh , c&aacute;c tuyến đường ch&iacute;nh như trường chinh , cộng h&ograve;a &hellip; thuận tiện lư th&ocirc;ng v&agrave;o trung t&acirc;m th&agrave;nh phố hồ ch&iacute; minh .<br />\r\n&nbsp;&nbsp;\r\n<div style=\"text-align: center;\"><img alt=\"\" src=\"/repository/vms-web/images/tin-tuc/tienichcanhocentapark1.jpg\" style=\"width: 700px; height: 481px;\" /><br />\r\n<i>tiện &iacute;ch ngoại khu vượt trội căn hộ centa park quận t&acirc;n b&igrave;nh&nbsp;</i><br />\r\n&nbsp;</div>\r\nVề kết nối khu vực, Park Vista c&aacute;ch trung t&acirc;m quận 1, quận t&acirc;n ph&uacute; , quận 3 &nbsp;chỉ 15 ph&uacute;t di chuyển. Dự &aacute;n c&ograve;n được thừa hưởng to&agrave;n bộ hệ thống tiện &iacute;ch khu vực như bệnh viện, c&aacute;c trường đại học, trường học c&aacute;c cấp, trung t&acirc;m thương mại giải tr&iacute; lớn&hellip;<br />\r\n<br />\r\nTrong năm 2015, AnphaCorp v&agrave; MIK đ&atilde; v&agrave; đang ph&aacute;t triển hơn 2.500 sản phẩm tại nhiều vị tr&iacute; chiến lược tr&ecirc;n cả nước. Đ&acirc;y cũng l&agrave; một trong những tập đo&agrave;n ph&aacute;t triển bất động sản h&agrave;ng đầu do Vietnam Property Awards 2015 b&igrave;nh chọn (Giải thưởng Bất động sản Việt Nam 2015, nằm trong hệ thống Asia Property Awards - Giải thưởng Bất động sản ch&acirc;u &Aacute;).]]></itemValue></item><item\n            displayName=\"Nội dung\" maxOccurs=\"1\" minOccurs=\"1\"\n            itemType=\"RICH_TEXT\" itemKey=\"content\"/><item\n            displayName=\"Nội dung cuối trang\" maxOccurs=\"1\"\n            minOccurs=\"1\" itemType=\"RICH_TEXT\"\n            itemKey=\"footerContent\"/><item displayName=\"Hình ảnh\"\n            maxOccurs=\"100\" minOccurs=\"1\" itemType=\"IMAGE\" itemKey=\"images\"/></items></contentItem>\n','2015-12-27 09:01:17','2015-12-27 09:21:39','2015-12-27 09:01:17',1,'Căn hộ centa park quận tân bình được chủ Đầu tư MIK tung ra thị trường'),(5,2,3,'Căn hộ Centa park quận tân bình có giá 1,1 tỷ','căn hộ centa park, căn hộ tân bình','Căn hộ Centa park quận tân bình có giá 1,1 tỷ/căn. Người mua chỉ cần thanh toán 10 %, tương đương 110  triệu đồng là ký hợp đồng mua căn hộ centa park MIK.','/vms-web/contents/canhocentapark-20151227160722.jpg',0,1,NULL,NULL,NULL,NULL,NULL,NULL,NULL,NULL,NULL,0,0,0,'<?xml version=\"1.0\" encoding=\"UTF-8\"?>\n<contentItem><items><item displayName=\"Nội dung đầu trang\" maxOccurs=\"1\"\n            minOccurs=\"1\" itemType=\"RICH_TEXT\"\n            itemKey=\"headerContent\"><itemValue><![CDATA[Người mua chỉ cần thanh to&aacute;n 10 %, tương đương 110 triệu đồng l&agrave; k&yacute; hợp đồng mua căn hộ centa park MIK.]]></itemValue></item><item\n            displayName=\"Nội dung\" maxOccurs=\"1\" minOccurs=\"1\"\n            itemType=\"RICH_TEXT\"\n            itemKey=\"content\"><itemValue><![CDATA[Căn hộ centa park quận t&acirc;n b&igrave;nh tọa lạc tại khu t&acirc;y bắc TP HCM, nằm ngay khu b&agrave;u c&aacute;t quận t&acirc;n b&igrave;nh , c&oacute; 4 mặt tiền đường &acirc;u cơ , đồng đen , thoại ngọc hầu , đường số 1, c&aacute;ch trung t&acirc;m th&agrave;nh phố chỉ hơn 15 ph&uacute;t v&agrave; 15 ph&uacute;t qua s&acirc;n bay t&acirc;n sơn nhất . Dự &aacute;n c&aacute;ch khu c&ocirc;ng nghiệp t&acirc;n b&igrave;nh chỉ 15 ph&uacute;t , gần nhiều dự &aacute;n thương mại, gi&aacute;o dục c&oacute; quy m&ocirc; lớn nhằm phục vụ nhu cầu mua sắm, giải tr&iacute;, học tập của người d&acirc;n nơi đ&acirc;y.<br />\r\n&nbsp;&nbsp;\r\n<div style=\"text-align: center;\"><i><img alt=\"\" src=\"/repository/vms-web/images/tin-tuc/canhocentapark.jpg\" style=\"width: 700px; height: 481px;\" /><br />\r\nphối cảnh thực tế căn hộ centa park quận t&acirc;n b&igrave;nh</i></div>\r\n<br />\r\nKhu&ocirc;n vi&ecirc;n dự &aacute;n c&oacute; nhiều tiện &iacute;ch như hồ bơi, s&acirc;n cầu l&ocirc;ng, nh&agrave; trẻ, vườn tiệc nướng, ph&ograve;ng tập gym, s&acirc;n chơi trẻ em, cửa h&agrave;ng tiện &iacute;ch, đường chạy bộ, c&ocirc;ng vi&ecirc;n c&acirc;y xanh&hellip; Tất cả h&igrave;nh th&agrave;nh n&ecirc;n một khu d&acirc;n cư quy m&ocirc; lớn, hiện đại v&agrave; mang t&iacute;nh cộng đồng cao.<br />\r\n<br />\r\nCăn hộ centa quận t&acirc;n b&igrave;nh diện t&iacute;ch từ 52 -98 m2, c&oacute; 3 ph&ograve;ng ngủ, 2 ph&ograve;ng tắm, gi&aacute; b&aacute;n từ 20 triệu đồng một m2. Phương thức thanh to&aacute;n linh hoạt, người mua trả trước 10 % gi&aacute; trị hợp đồng, c&ograve;n lại thanh to&aacute;n trong v&ograve;ng 2 năm kh&ocirc;ng l&atilde;i xuất .<br />\r\n<br />\r\nCăn hộ centa park được chủ đầu tư MIK tung ra thị trường dịp cuối năm 2015 sau khi vừa triển khai th&agrave;nh c&ocirc;ng dự &aacute;n căn hộ park vista quận 7 Sau 1 th&aacute;ng được giới thiệu ra thị trường, tất cả 330 căn hộ thuộc block 1 của dự &aacute;n đ&atilde; được b&aacute;n hết. C&aacute;c căn hộ block 2 sở hữu vị tr&iacute; đẹp, c&oacute; 3 g&oacute;c nh&igrave;n tho&aacute;ng, được thiết kế kh&ocirc;ng gian sinh hoạt rộng r&atilde;i ph&ugrave; hợp với nhu cầu sống của những gia đ&igrave;nh c&oacute; 3 thế hệ v&agrave; vợ chồng trẻ tiếp tục được ch&agrave;o b&aacute;n.\r\n<div style=\"text-align: center;\"><i><img alt=\"\" src=\"/repository/vms-web/images/tin-tuc/tienichcanhocentapark1.jpg\" style=\"width: 700px; height: 481px;\" /><br />\r\ntiện &iacute;ch vượt trội căn hộ centa park quận t&acirc;n b&igrave;nh<br />\r\n&nbsp;&nbsp;</i></div>\r\nTrong đợt đầu mở b&aacute;n dự &aacute;n căn hộ centa park chủ đầu tư d&agrave;nh rất nhiều ưu đ&atilde;i cho kh&aacute;ch h&agrave;ng đặt mua căn hộ Theo đ&oacute;, tất cả kh&aacute;ch h&agrave;ng đặt cọc mua căn hộ centa park quận t&acirc;n b&igrave;nh &nbsp;đều được h&aacute;i khế v&agrave;ng trị gi&aacute; từ 5 chỉ đến 1,4 c&acirc;y v&agrave;ng SJC 9999, tham gia bốc thăm 100% tr&uacute;ng c&aacute;c giải thưởng như xe Hyundai I10 1.2 AT, xe Vespa Primavera, m&aacute;y lạnh, tủ lạnh, TV LCD LED c&ugrave;ng h&agrave;ng trăm phần qu&agrave; gi&aacute; trị kh&aacute;c tr&ecirc;n c&acirc;y khế v&agrave;ng tại nh&agrave; mẫu căn hộ. v&agrave; nhiều chương tr&igrave;nh chiết khấu cực tốt trong ng&agrave;y mở b&aacute;n<br />\r\nNgo&agrave;i ra sau khi nhận nh&agrave;, kh&aacute;ch h&agrave;ng kh&ocirc;ng c&oacute; nhu cầu ở sẽ được MIK k&yacute; hợp đồng cam kết cho thu&ecirc; với mức lợi nhuận từ 9-12 triệu đồng một th&aacute;ng.]]></itemValue></item><item\n            displayName=\"Nội dung cuối trang\" maxOccurs=\"1\"\n            minOccurs=\"1\" itemType=\"RICH_TEXT\"\n            itemKey=\"footerContent\"/><item displayName=\"Hình ảnh\"\n            maxOccurs=\"100\" minOccurs=\"1\" itemType=\"IMAGE\" itemKey=\"images\"/></items></contentItem>\n','2015-12-27 09:07:12','2015-12-27 09:16:10','2015-12-27 09:07:12',1,'Căn hộ Centa park quận tân bình có giá 1,1 tỷ/ căn'),(6,2,3,'Hưng thịnh công bố dự án căn hộ sài gòn mia đến khách hàng','căn hộ sài gòn mia','Với mong muốn mang đến cho Quý khách hàng một sản phẩm căn hộ đẳng cấp thiết kế hiện đại trị trí đắt địa , Công ty Cổ phần Đầu tư Kinh doanh Địa ốc Hưng Thịnh (Hung Thinh Corp) đã chính thức co6gn bố đến khách hàng căn hộ sài gòn mia trung sơn .','/vms-web/contents/canhosaigonmia.jpg',0,1,NULL,NULL,NULL,NULL,NULL,NULL,NULL,NULL,NULL,0,0,0,'<?xml version=\"1.0\" encoding=\"UTF-8\"?>\n<contentItem><items><item displayName=\"Nội dung đầu trang\" maxOccurs=\"1\"\n            minOccurs=\"1\" itemType=\"RICH_TEXT\"\n            itemKey=\"headerContent\"><itemValue><![CDATA[Với mong muốn mang đến cho Qu&yacute; kh&aacute;ch h&agrave;ng một sản phẩm căn hộ đẳng cấp thiết kế hiện đại trị tr&iacute; đắt địa , C&ocirc;ng ty Cổ phần Đầu tư Kinh doanh Địa ốc Hưng Thịnh (Hung Thinh Corp) đ&atilde; ch&iacute;nh thức co6gn bố đến kh&aacute;ch h&agrave;ng căn hộ s&agrave;i g&ograve;n mia trung sơn .]]></itemValue></item><item\n            displayName=\"Nội dung\" maxOccurs=\"1\" minOccurs=\"1\"\n            itemType=\"RICH_TEXT\"\n            itemKey=\"content\"><itemValue><![CDATA[<div style=\"text-align: center;\"><i><img alt=\"\" src=\"/repository/vms-web/images/tin-tuc/canhosaigonmia.jpg\" style=\"width: 700px; height: 481px;\" /><br />\r\nphối cảnh thực tế căn hộ s&agrave;i g&ograve;n mia trung sơn<br />\r\n&nbsp;</i></div>\r\nCăn hộ s&agrave;i g&ograve;n mai &nbsp;l&agrave; dự &aacute;n mới nhất được Hưng Thịnh tung ra thị trường. Tọa lạc tại khu d&acirc;n cư trung sơn , mặt tiền đường 9A , B&igrave;nh Ch&aacute;nh , căn hộ s&agrave;i g&ograve;n mia gồm 2 block cao 19 tầng, diện t&iacute;ch ph&ugrave; hợp từ 57 &ndash; 103,49 m2 với mức gi&aacute; l&yacute; tưởng chỉ từ 1,5 tỷ/căn .Nằm ngay mặt tiền đường 9A kết nối trực tiếp đại lộ nguyễn văn linh v&agrave; cầu nguyễn văn cừ &nbsp;cư d&acirc;n Florita sẽ nhanh ch&oacute;ng di chuyển đến c&aacute;c khu vực Quận 1, Quận 4, Quận 5, Quận 7 hay Quận 8 chỉ trong v&agrave;i ph&uacute;t. Ch&iacute;nh ưu thế về vị tr&iacute; đ&atilde; gi&uacute;p căn hộ s&agrave;i g&ograve;n mia &nbsp;trở th&agrave;nh t&acirc;m điểm b&igrave;nh ch&aacute;nh kết nối to&agrave;n khu vực.<br />\r\n<br />\r\nNgo&agrave;i những tiện &iacute;ch nội khu hiện đại như hồ bơi, spa, nh&agrave; trẻ,&hellip;khu căn hộ s&agrave;i g&ograve;n mia c&ograve;n thừa hưởng những gi&aacute; trị tiện &iacute;ch vượt trội từ c&aacute;c c&ocirc;ng tr&igrave;nh hiện hữu như Si&ecirc;u thị Lotte Mart, Khu vui chơi Vietopia, Đại học RMIT, SC Vivo City,&hellip;<br />\r\nB&ecirc;n cạnh đ&oacute;, sự ph&aacute;t triển đồng bộ của cơ sở hạ tầng sẽ gi&uacute;p cư d&acirc;n s&agrave;i g&ograve;n mai tận hưởng mọi gi&aacute; trị sống đẳng cấp ngay tại khu căn hộ của m&igrave;nh.<br />\r\n&nbsp;&nbsp;\r\n<div style=\"text-align: center;\"><i><img alt=\"\" src=\"/repository/vms-web/images/tin-tuc/vitricanhosaigonmiatrungson.jpg\" style=\"width: 700px; height: 481px;\" /><br />\r\nvị tr&iacute; căn hộ s&agrave;i g&ograve;n mia trung sơn</i><br />\r\n&nbsp;</div>\r\nVới sự kết hợp của vị tr&iacute; trung t&acirc;m v&agrave; c&aacute;c tiện &iacute;ch h&agrave;ng đầu khu vực, s&agrave;i g&ograve;n mia như đ&oacute;a hoa duy&ecirc;n d&aacute;ng khoe sắc trong khu vườn nhiệt đới, v&agrave; l&agrave; nơi an cư l&yacute; tưởng với những gi&aacute; trị sống l&acirc;u d&agrave;i d&agrave;nh cho mọi kh&aacute;ch h&agrave;ng.<br />\r\n&nbsp;<br />\r\nHiện tại căn hộ s&agrave;i g&ograve;n mia được chủ đầu tư hưng thịnh cho nhận đặt chổ c&aacute;c vị tr&iacute; đẹp , kh&aacute;ch h&agrave;ng đặt chổ trước nhận rất nhiều ưu đ&atilde;i từ chủ đầu tư hưng thịnh . mọi th&ocirc;ng tin chi tiết về căn hộ s&agrave;i g&ograve;n mia qu&yacute; kh&aacute;ch vui l&ograve;ng li&ecirc;n hệ trực tiếp chủ đầu tư dự &aacute;n 0902481155 để được th&ocirc;ng tin ch&iacute;nh x&aacute;c nhất .]]></itemValue></item><item\n            displayName=\"Nội dung cuối trang\" maxOccurs=\"1\"\n            minOccurs=\"1\" itemType=\"RICH_TEXT\"\n            itemKey=\"footerContent\"/><item displayName=\"Hình ảnh\"\n            maxOccurs=\"100\" minOccurs=\"1\" itemType=\"IMAGE\" itemKey=\"images\"/></items></contentItem>\n','2015-12-27 09:15:01','2015-12-27 09:15:01','2015-12-27 09:15:01',1,'Hưng thịnh công bố dự án căn hộ sài gòn mia đến khách hàng'),(7,2,3,'Căn hộ lavita garden  có tầm nhìn độc đáo','căn hộ lavita garden','Tháng 12/2015, Tập đoàn bất động sản hưng thịnh chính thức ra mắt tòa căn hộ lavita garden thuộc quần thể căn hộ cao cấp của hưng thịnh .','/vms-web/contents/huongnhincanholavitagarden4.jpg',0,1,NULL,NULL,NULL,NULL,NULL,NULL,NULL,NULL,NULL,0,0,0,'<?xml version=\"1.0\" encoding=\"UTF-8\"?>\n<contentItem><items><item displayName=\"Nội dung đầu trang\" maxOccurs=\"1\"\n            minOccurs=\"1\" itemType=\"RICH_TEXT\"\n            itemKey=\"headerContent\"><itemValue><![CDATA[Th&aacute;ng 12/2015, Tập đo&agrave;n bất động sản hưng thịnh ch&iacute;nh thức ra mắt t&ograve;a căn hộ lavita garden thuộc quần thể căn hộ cao cấp của hưng thịnh .]]></itemValue></item><item\n            displayName=\"Nội dung\" maxOccurs=\"1\" minOccurs=\"1\"\n            itemType=\"RICH_TEXT\"\n            itemKey=\"content\"><itemValue><![CDATA[Căn hộ lavita garden &nbsp;l&agrave; t&ograve;a căn hộ c&oacute; tầm nh&igrave;n độc đ&aacute;o v&agrave; được trang bị hệ thống Smarthome, mang đến trải nghiệm cuộc sống tiện nghi, hiện đại v&agrave; đẳng cấp.<br />\r\n<br />\r\nCăn hộ lavita garden tọa lạc tại mặt tiền đường số 3 , phường trường thọ , quận thủ đức , th&agrave;nh phố hồ ch&iacute; minh . Liền kề tuyến metro bến th&agrave;nh suối ti&ecirc;n . ngay ga số 10 ( ng&atilde; tư b&igrave;nh th&aacute;i ) lavita garden mang đến cuộc sống đậm phong c&aacute;ch thời thượng, năng động, trẻ trung. Chiếm lĩnh vị tr&iacute; đắc địa của khu đ&ocirc;ng th&agrave;nh phố hồ ch&iacute; minh .<br />\r\n<br />\r\nVới chiều cao 19 &nbsp;tầng, to&agrave; th&aacute;p bao gồm c&aacute;c căn hộ th&ocirc;ng minh, thiết kế tất cả c&aacute;c căn hộ theo kh&ocirc;ng giang mở . tận dụng tối đa &aacute;nh s&aacute;ng tự nhi&ecirc;n v&agrave;o căn hộ bạn , mang lại cảm gi&aacute;c thỏa m&aacute;i gần gủi với thi&ecirc;n nhi&ecirc;n trong ch&iacute;nh trong ng&ocirc;i nh&agrave; của bạn .<br />\r\n&nbsp;\r\n<div style=\"text-align: center;\"><img alt=\"\" src=\"/repository/vms-web/images/tin-tuc/huongnhincanholavitagarden6.jpg\" style=\"width: 700px; height: 481px;\" /><br />\r\n<img alt=\"\" src=\"/repository/vms-web/images/tin-tuc/huongnhincanholavitagarden2.jpg\" style=\"width: 700px; height: 481px;\" /><br />\r\n<img alt=\"\" src=\"/repository/vms-web/images/tin-tuc/huongnhincanholavitagarden3.jpg\" style=\"width: 700px; height: 481px;\" /><br />\r\n<img alt=\"\" src=\"/repository/vms-web/images/tin-tuc/huongnhincanholavitagarden4.jpg\" style=\"width: 700px; height: 481px;\" /><br />\r\n<img alt=\"\" src=\"/repository/vms-web/images/tin-tuc/huongnhincanholavitagarden5.jpg\" style=\"width: 700px; height: 481px;\" /><br />\r\n<img alt=\"\" src=\"/repository/vms-web/images/tin-tuc/huongnhincanholavitagarden6-20151227163205.jpg\" style=\"width: 700px; height: 481px;\" /></div>\r\n<br />\r\nNgo&agrave;i ra, to&agrave;n bộ mặt ngo&agrave;i t&ograve;a căn hộ được lắp đặt k&iacute;nh Low-E c&oacute; chức năng truyền s&aacute;ng, cản nhiệt, cản tia cực t&iacute;m, điều tiết nhiệt độ, đảm bảo &aacute;nh s&aacute;ng chan h&ograve;a b&ecirc;n trong c&aacute;c căn hộ, giảm ti&ecirc;u thụ điện năng. Đồng thời, hệ thống lọc nước ti&ecirc;u chuẩn ch&acirc;u &Acirc;u cung cấp nước sạch đến từng căn hộ cũng được lắp đặt để mang đến chất lượng sống ho&agrave;n hảo nhất cho cư d&acirc;n lavita garden .<br />\r\n<br />\r\nKh&ocirc;ng dừng lại ở một t&ograve;a căn hộ lavita garden &nbsp;c&ograve;n được thiết kế c&oacute; tầm nh&igrave;n độc đ&aacute;o hướng nh&igrave;n v&agrave; v&agrave;o nội khu c&ocirc;ng vi&ecirc;n rộng lớn thiết kế tho ti&ecirc;u chuẩn chủa ch&acirc;u &acirc;u .<br />\r\n<br />\r\nCư d&acirc;n căn hộ lavita garden &nbsp;được thụ hưởng to&agrave;n bộ tiện &iacute;ch nội khu: hồ bơi ngo&agrave;i trời, khu vui chơi trẻ em, bể Jacuzzi, vườn BBQ, đ&agrave;i phun nước v&ocirc; cực, vườn đi&ecirc;u khắc b&agrave;i tr&iacute; t&aacute;c phẩm nghệ thuật, c&aacute;c s&acirc;n tập thể thao, khu phố mua sắm&hellip;, cư d&acirc;n lavita garden dễ d&agrave;ng tiếp cận c&aacute;c dịch vụ v&agrave; tiện &iacute;ch của t&ograve;a căn hộ .<br />\r\n<br />\r\nNgo&agrave;i ra, vị tr&iacute; đắc địa ngay c&aacute;c trục đường ch&iacute;nh cửa ngỏ v&agrave;o trung t&acirc;m th&agrave;nh phố hồ ch&iacute; minh như xa lộ h&agrave; nội v&agrave; đại lộ phạm văn đồng gi&uacute;p cư d&acirc;n kết nối nhanh ch&oacute;ng với trung t&acirc;m th&agrave;nh phố .<br />\r\n<br />\r\nDự kiến ho&agrave;n th&agrave;nh v&agrave;o năm 2018, căn hộ lavita garden sẽ l&agrave; sự lựa chọn l&yacute; tưởng, mang đến cho cư d&acirc;n cuộc sống hiện đại, thời thượng trong khi vẫn tận hưởng được kh&ocirc;ng gian xanh, h&agrave;i h&ograve;a với m&ocirc;i trường tự nhi&ecirc;n.]]></itemValue></item><item\n            displayName=\"Nội dung cuối trang\" maxOccurs=\"1\"\n            minOccurs=\"1\" itemType=\"RICH_TEXT\"\n            itemKey=\"footerContent\"/><item displayName=\"Hình ảnh\"\n            maxOccurs=\"100\" minOccurs=\"1\" itemType=\"IMAGE\" itemKey=\"images\"/></items></contentItem>\n','2015-12-27 09:32:44','2015-12-27 09:33:18','2015-12-27 09:32:44',1,'Căn hộ lavita garden  có tầm nhìn độc đáo'),(8,2,3,'Tại sao căn hộ lavita garden đang hút khách','căn hộ lavita garden','Chỉ trong vòng 30 ngày sau khi hưng thịnh công bố ra thị trường căn hộ lavita garden thủ đức , phường trường thọ thành phố hồ chí minh . Tất cả 400 căn hộ trên tổng số 600 căn hộ lavita garden hiện đã có chủ .Chủ đầu tư cho biết, đợt công bố tiếp theo của','/vms-web/contents/lavitagarden.jpg',0,1,NULL,NULL,NULL,NULL,NULL,NULL,NULL,NULL,NULL,0,0,0,'<?xml version=\"1.0\" encoding=\"UTF-8\"?>\n<contentItem><items><item displayName=\"Nội dung đầu trang\" maxOccurs=\"1\"\n            minOccurs=\"1\" itemType=\"RICH_TEXT\"\n            itemKey=\"headerContent\"><itemValue><![CDATA[Chỉ trong v&ograve;ng 30 ng&agrave;y sau khi hưng thịnh c&ocirc;ng bố ra thị trường căn hộ lavita garden thủ đức , phường trường thọ th&agrave;nh phố hồ ch&iacute; minh . Tất cả 400 căn hộ tr&ecirc;n tổng số 600 căn hộ lavita garden hiện đ&atilde; c&oacute; chủ .Chủ đầu tư cho biết, đợt c&ocirc;ng bố tiếp theo của dự &aacute;n sẽ diễn ra v&agrave;o ng&agrave;y 30/12/2015.<br />\r\n]]></itemValue></item><item\n            displayName=\"Nội dung\" maxOccurs=\"1\" minOccurs=\"1\"\n            itemType=\"RICH_TEXT\"\n            itemKey=\"content\"><itemValue><![CDATA[<div style=\"text-align: center;\"><i><img alt=\"\" src=\"/repository/vms-web/images/tin-tuc/lavitagarden.jpg\" style=\"width: 700px; height: 481px;\" /><br />\r\nphối cảnh thực tế căn hộ lavita garden thủ đức</i></div>\r\n<br />\r\nĐiều g&igrave; đặt biệt của dự &aacute;n căn hộ lavita garden đang g&acirc;y sốt tại khu vực thủ đức như vậy . trong khi gi&aacute; căn hộ lavita củng ngang gi&aacute; với tất cả c&aacute;c căn hộ l&acirc;n cận .<br />\r\n<br />\r\nTheo c&aacute;c chuy&ecirc;n gia, kh&ocirc;ng như nhiều chủ đầu tư kh&aacute;c lu&ocirc;n c&oacute; nhiều chương tr&igrave;nh khuyến m&atilde;i từ tặng qu&agrave; đắt tiền đến chiết khấu, giảm gi&aacute;, cam kết tỷ suất thu&ecirc; lại&hellip;, Hưng thịnh chỉ đơn giản l&agrave; tập trung v&agrave;o gi&aacute; trị thực của sản phẩm. Nhờ đ&oacute;, c&aacute;c dự &aacute;n bất động sản hưng thịnh lu&ocirc;n vận h&agrave;nh ổn định, gia tăng bền vững v&agrave; tr&aacute;nh được sự ph&aacute;t triển n&oacute;ng l&agrave; nguy&ecirc;n nh&acirc;n dẫn đến sự bất ổn định của hầu hết c&aacute;c dự &aacute;n kh&aacute;c. Từ đ&oacute;, người mua c&oacute; thể ho&agrave;n to&agrave;n y&ecirc;n t&acirc;m về sự nhất qu&aacute;n trong quy hoạch cũng như khả năng gia tăng gi&aacute; trị đ&aacute;ng k&igrave; vọng.<br />\r\n<br />\r\nSau đ&acirc;y l&agrave; một số yếu tố tạo n&ecirc;n sức h&uacute;t, t&aacute;c động đến quyết định của kh&aacute;ch h&agrave;ng khi chọn căn hộ lavita garden hưng thịnh<br />\r\n<br />\r\n1. &nbsp; &nbsp;Vị tr&iacute; đắc địa: Dự &aacute;n c&oacute; vị tr&iacute; đắc địa, dự &aacute;n nằm ngay cửa ngỏ khu đ&ocirc;ng th&agrave;nh phố hồ ch&iacute; minh , liền kề ga metro bến th&agrave;nh suối ti&ecirc;n ga số 10 , nơi tập trung nhiều tập đo&agrave;n đa quốc gia, thương hiệu quốc tế thuộc nhiều lĩnh vực thương mại, t&agrave;i ch&iacute;nh, chứng kho&aacute;n, bảo hiểm, dịch vụ&hellip; Ch&iacute;nh v&igrave; vậy, ngo&agrave;i cơ hội l&agrave;m việc gần nh&agrave; v&agrave; nhiều tiện &iacute;ch, dịch vụ, dự &aacute;n n&agrave;y c&ograve;n c&oacute; nguồn kh&aacute;ch thu&ecirc; dồi d&agrave;o l&agrave; c&aacute;c chuy&ecirc;n gia nước ngo&agrave;i. Hiện c&oacute; khoảng 15.000 người nước ngo&agrave;i đang sống v&agrave; l&agrave;m việc tại c&aacute;c khu c&ocirc;ng nghệ cao , c&aacute;c giảng vi&ecirc;n đại học của l&agrave;ng đại hoc thủ đức .<br />\r\n&nbsp;\r\n<div style=\"text-align: center;\"><i><img alt=\"\" src=\"/repository/vms-web/images/tin-tuc/vitrilavitagarden.jpg\" style=\"width: 700px; height: 481px;\" /><br />\r\nvị tr&iacute; khu căn hộ lavita garden thủ đức&nbsp;</i></div>\r\n<br />\r\n2. &nbsp; &nbsp;View tuyệt đẹp: căn hộ lavita garden sở hữu vị tr&iacute;, tầm nh&igrave;n rất đẹp, một mặt nh&igrave;n về to&agrave;n khuđ&ocirc;ng th&agrave;nh phố ; mặt c&ograve;n lại l&agrave; nh&igrave;n về tuyến ga metro đầu ti&ecirc;n tại khu vực ph&iacute;a đ&ocirc;ng th&agrave;nh phố hồ ch&iacute; minh .<br />\r\n<br />\r\n3. &nbsp; &nbsp;Kh&ocirc;ng gian sống xanh tốt cho sức khỏe: Giữa nhịp sống đ&ocirc; thị nhộn nhịp v&agrave; ng&agrave;y c&agrave;ng thiếu hụt c&ocirc;ng vi&ecirc;n, c&acirc;y xanh như hiện nay, hưng thịnh đ&atilde; d&agrave;nh hơn 1000 m2 đất sử dụng để x&acirc; hệ thống c&ocirc;ng vi&ecirc;n khu vui chơi trẻ em đạt ti&ecirc;u chuẩn nước ngo&agrave;i . tạo cảm gi&aacute; m&aacute;t mẻ cho từng cư d&acirc;n căn hộ .<br />\r\n&nbsp;\r\n<div style=\"text-align: center;\"><i><img alt=\"\" src=\"/repository/vms-web/images/tin-tuc/phongkhachcanholavitagarden2.jpg\" style=\"width: 700px; height: 481px;\" /><br />\r\nh&igrave;nh ảnh nh&agrave; mẫu thực tế căn hộ mẫu lavita garden</i></div>\r\n<br />\r\n4. &nbsp; Gần trường tiện cho con đi học: Trong b&aacute;n k&iacute;nh từ 300m, xung quanh dự &aacute;n c&oacute; nhiều cơ sở đ&agrave;o tạo, trường học trong nước v&agrave; quốc tế như: mầm non B&ocirc;ng Hoa Nhỏ, tiểu học L&ecirc; Văn T&aacute;m, quốc tế &hellip; Đ&acirc;y l&agrave; điểm cộng, thu h&uacute;t c&aacute;c gia đ&igrave;nh c&oacute; con đang độ tuổi đi học bởi mua căn hộ lavita garden &nbsp;kh&ocirc;ng chỉ thuận tiện trong việc chọn trường m&agrave; c&ograve;n giảm &aacute;p lực cũng như nỗi lo lưu th&ocirc;ng khi đưa đ&oacute;n con mỗi ng&agrave;y. Ngo&agrave;i ra, trong khoảng c&aacute;ch đi bộ l&agrave; đến c&aacute;c trường &hellip; cũng l&agrave; yếu tố thu h&uacute;t kh&aacute;ch nước ngo&agrave;i thu&ecirc; nh&agrave;.<br />\r\n<br />\r\n5. &nbsp; &nbsp;Cơ hội sở hữu nh&agrave; c&aacute;c căn hộ lavita garden c&oacute; thiết kế từ 54m2 đến 70 m2. V&igrave; vậy, với diện t&iacute;ch ph&ugrave; hợp, tổng gi&aacute; vừa phải, lịch thanh to&aacute;n linh hoạt, cộng với sự hỗ trợ cho vay từ ng&acirc;n h&agrave;ng, cơ hội để sở hữu căn hộ lavita garden, trong tầm tay nhiều người. Dự &aacute;n được bảo l&atilde;nh ch&iacute;nh thức bởi BIDV &nbsp;gi&uacute;p người mua y&ecirc;n t&acirc;m.<br />\r\n<br />\r\n6. &nbsp; &nbsp;Cảnh quan nội khu cao cấp: Căn hộ lavita garden &nbsp;đ&aacute;p ứng kh&ocirc;ng gian sống đẳng cấp cho cư d&acirc;n. Ngo&agrave;i ra, khu vực sảnh chờ thang m&aacute;y, tiếp t&acirc;n của mỗi t&ograve;a nh&agrave; trong dự &aacute;n cũng được ch&uacute; trọng đầu tư, mang đến sự thoải m&aacute;i, tiện nghi cho cư d&acirc;n nơi đ&acirc;y ngay từ những bước ch&acirc;n đầu ti&ecirc;n về nh&agrave;.<br />\r\n<br />\r\n7. &nbsp; &nbsp;Động lực từ hạ tầng khu đ&ocirc;ng v&agrave; đặc khu kinh tế: hiện tại nh&agrave; &nbsp;nước đang đầu tư mạnh về khu đ&ocirc;ng nơi trung t&acirc;m h&agrave;nh ch&iacute;nh mới được dời về quận 2 . Ch&iacute;nh điều n&agrave;y tạo động lực t&iacute;ch cực cho bất động sản n&oacute;i ri&ecirc;ng v&agrave; sự tăng trưởng kinh tế, x&atilde; hội n&oacute;i chung của Khu đ&ocirc;ng .]]></itemValue></item><item\n            displayName=\"Nội dung cuối trang\" maxOccurs=\"1\"\n            minOccurs=\"1\" itemType=\"RICH_TEXT\"\n            itemKey=\"footerContent\"/><item displayName=\"Hình ảnh\"\n            maxOccurs=\"100\" minOccurs=\"1\" itemType=\"IMAGE\" itemKey=\"images\"/></items></contentItem>\n','2015-12-27 09:38:49','2015-12-27 09:38:49','2015-12-27 09:38:49',1,'Tại sao căn hộ lavita garden đang hút khách'),(9,5,4,'Căn hộ Centa Park','căn hộ centa park','Căn hộ Centa Park','/vms-web/contents/can-ho-centa-park-img-1451147888.jpg',4,1,1,'Căn hộ Centa Park',1,'','2.2 hecta','35,3%','4',1100,'hecta',0,0,1,'<?xml version=\"1.0\" encoding=\"UTF-8\"?>\n<contentItem><items><item displayName=\"Nội dung đầu trang\" maxOccurs=\"1\"\n            minOccurs=\"1\" itemType=\"RICH_TEXT\"\n            itemKey=\"headerContent\"><itemValue><![CDATA[<strong><span style=\"color:#B22222;\"><span style=\"font-size:16px;\">MIK d&agrave;nh ưu đ&atilde;i cho kh&aacute;ch h&agrave;ng mua căn hộ centa park</span></span></strong>\r\n<ul>\r\n	<li>G&iacute;a b&aacute;n chỉ từ 1,2 tỷ/căn giao nh&agrave; ho&agrave;n thiện nội thất cao cấp</li>\r\n	<li>tặng bộ nội thất cao cấp từ chủ đầu tư</li>\r\n	<li>Tặng Voucher trị gi&aacute; 30.000.000 VND</li>\r\n	<li>Đặt chổ trước được chiết khấu 5%</li>\r\n	<li>Thanh to&aacute;n k&yacute; hợp đồng chỉ 10%</li>\r\n	<li>Thanh to&aacute;n nhanh chiết khấu 25%</li>\r\n	<li>Bốc thăm qu&agrave; tặng l&ecirc;n đến 500 triệu đồng</li>\r\n</ul>\r\nPh&ograve;ng Kinh Doanh : &nbsp;Mr : Minh Tiến &nbsp;0902481155 &nbsp;]]></itemValue></item><item\n            displayName=\"Tiêu đề\" maxOccurs=\"10\" minOccurs=\"1\"\n            itemType=\"PLAIN_TEXT\"\n            itemKey=\"mapHeader\"><itemValue><![CDATA[Quy mô dự án]]></itemValue><itemValue><![CDATA[Vị trí]]></itemValue><itemValue><![CDATA[Tiện ích]]></itemValue><itemValue><![CDATA[Tại sao nên chọn]]></itemValue><itemValue><![CDATA[Tiến độ thanh toán]]></itemValue><itemValue><![CDATA[Sơ đồ mặt bằng]]></itemValue><itemValue><![CDATA[Căn hộ mẫu]]></itemValue></item><item\n            displayName=\"mapContent\" maxOccurs=\"10\" minOccurs=\"1\"\n            itemType=\"RICH_TEXT\"\n            itemKey=\"mapContent\"><itemValue><![CDATA[<strong>1. QUY M&Ocirc; DỰ &Aacute;N CĂN HỘ CENTA PARK</strong><br />\r\n<br />\r\nĐơn Vị Ph&aacute;t triển dự &aacute;n: M.I.K Corporation với c&aacute;c dự &aacute;n vang dội thị trường như: Căn hộ Resort The Park Residence, Căn hộ dịch vụ Park Premier, Biệt thự Mỹ Villa Park, khu biệt lập Park Riverside, căn hộ park vista &hellip;<br />\r\n<br />\r\nChủ đầu tư Centa Park: C&ocirc;ng ty Cổ phần Thanh Ni&ecirc;n &ndash; Thanh Nien<br />\r\n<br />\r\nThiết kế căn hộ Centa Park: C&ocirc;ng ty Ong&amp;Ong rất nổi tiếng ở Singapore<br />\r\n<br />\r\nChỉ với t&ecirc;n tuổi của 3 đơn vị tr&ecirc;n cũng gi&uacute;p ch&uacute;ng ta ho&agrave;n to&agrave;n c&oacute; thể y&ecirc;n t&acirc;m Centa Park sẽ l&agrave; một dự &aacute;n Đẹp, Chất lượng v&agrave; đầu tư Tốt. Tất cả c&aacute;c dự &aacute;n MIK ph&aacute;t triển đều g&acirc;y sốt mạnh tr&ecirc;n thị trường, đem lại tỉ suất sinh lợi cao cho kh&aacute;ch đầu tư v&agrave; ho&agrave;n to&agrave;n l&agrave;m h&agrave;i l&ograve;ng kh&aacute;ch h&agrave;ng c&oacute; nhu cầu để ở.<br />\r\n&nbsp;\r\n<div style=\"text-align: center;\"><i><img alt=\"\" src=\"/repository/vms-web/images/san-pham/can-ho-centa-park-img-1451147888.jpg\" style=\"width: 700px; height: 481px;\" /><br />\r\nphối cảnh chi tiết căn hộ centa park quận t&acirc;n b&igrave;nh&nbsp;</i></div>\r\n<br />\r\nDiện t&iacute;ch: 2,2ha<br />\r\nSố tầng: 30<br />\r\nTầng 1 đến &nbsp;tầng 5 l&agrave; tầng thương mại<br />\r\nSố lượng căn hộ : 1500<br />\r\nThiết kế : 4 Block<br />\r\nTiện &iacute;ch 2 hồ bơi<br />\r\nDiện t&iacute;ch: 57m2 trở l&ecirc;n<br />\r\nTầng hầm: 1]]></itemValue><itemValue><![CDATA[<strong>2. VỊ TR&Iacute; DỰ &Aacute;N CĂN HỘ CENTA PARK</strong><br />\r\n<br />\r\nCăn hộ centa park tọa lạc tại vị tr&iacute; 4 mặt tiền &Acirc;u Cơ &ndash; Đồng Đen &ndash; Thoại Ngọc Hầu &ndash; B&agrave;u c&aacute;t 9 , căn hộ centa park sở hữu một vị tr&iacute; cực kỳ đắt địa quận t&acirc;n b&igrave;nh . tiếp gi&aacute;p với c&aacute;c tuyến đường ch&iacute;nh như &Acirc;u Cơ , Trường Chinh , Cộng H&ograve;a , Lũy B&aacute;n B&iacute;ch mở rộng &hellip;\r\n<div style=\"text-align: center;\"><i><img alt=\"\" src=\"/repository/vms-web/images/san-pham/vitrilavitagarden.jpg\" style=\"width: 700px; height: 481px;\" /><br />\r\nvị tr&iacute; căn hộ centa park quận t&acirc;n b&igrave;nh gi&aacute; rẻ MIK</i></div>\r\n]]></itemValue><itemValue><![CDATA[<strong>3. TIỆN &Iacute;CH DỰ &Aacute;N CENTA PARK</strong><br />\r\n<br />\r\n<strong>A. TIỆN &Iacute;CH NỘI KHU</strong><br />\r\n<br />\r\nCăn hộ centa park c&oacute; 5 tầng thương mại c&oacute; si&ecirc;u thị lớn, ốc đảo vườn nhiệt đới rộng tới 6.000m2 ngay tại trung t&acirc;m dự &aacute;n với đủ loại c&acirc;y xanh đặc trưng của v&ugrave;ng nhiệt đới, lối đi bộ uốn lượn tr&ecirc;n ốc đảo rất đẹp, 2 hồ bơi rộng hơn 1000m, Nh&agrave; h&agrave;ng cafe, Gym-Yoga Fitness, nh&agrave; trẻ, ph&ograve;ng sinh hoạt cộng đồng, s&acirc;n thể thao đa năng,&hellip; an ninh 24/7 với 3 lớp bảo vệ.<br />\r\n&nbsp;\r\n<div style=\"text-align: center;\"><i><img alt=\"\" src=\"/repository/vms-web/images/san-pham/tienichcanhocentapark2.jpg\" style=\"width: 700px; height: 481px;\" /><br />\r\nTiện &iacute;ch nội khu căn hộ centa park gi&aacute; rẻ quận t&acirc;n b&igrave;nh&nbsp;</i><br />\r\n&nbsp;</div>\r\n\r\n<div style=\"text-align: center;\"><i><img alt=\"\" src=\"/repository/vms-web/images/san-pham/tienichcanhocentapark1.jpg\" style=\"line-height: 20.8px; width: 700px; height: 481px;\" /><br />\r\ntiện &iacute;ch ngoại khu căn hộ centa park quận t&acirc;n b&igrave;nh</i></div>\r\n]]></itemValue><itemValue><![CDATA[<strong>4. TẠI SAO N&Ecirc;N CHỌN CĂN HỘ CENTA PARK MIK</strong>\r\n<ul>\r\n	<li>​Chủ đầu tư uy t&iacute;n MIK</li>\r\n	<li>An ninh tuyệt đối từ căn hộ centa park : Hệ thống an ninh đa lớp 24/7</li>\r\n	<li>M&ocirc;i trường sống xanh: Với c&ocirc;ng vi&ecirc;n c&acirc;y xanh v&agrave; tiện &iacute;ch cao cấp</li>\r\n	<li>Vị tr&iacute; chiến lược: căn hộ centa park sở hửu một vị tr&iacute; v&ocirc; c&ugrave;ng đắc địa , vị tr&iacute; chiến lược ph&aacute;t triển . cơ sở hạ tầng đồng bộ kết nối to&agrave;n bộ c&aacute;c tuyến đường trọng điểm v&agrave;o trung t&acirc;m th&agrave;nh phố . C&oacute; thể n&oacute;i căn hộ centa park sở hửu vị tr&iacute; v&agrave;ng tại trung t&acirc;m quận t&acirc;n b&igrave;nh th&agrave;nh phố hồ ch&iacute; minh.Cam kết cho thu&ecirc; trong 5 năm l&ecirc;n đến 4100$, hấp dẫn đầu tư . Tiềm năng về sự tăng gi&aacute;, ph&aacute;t triển của khu vực.</li>\r\n	<li>Thanh to&aacute;n linh hoạt v&agrave; nhiều hỗ trợ .</li>\r\n</ul>\r\n]]></itemValue><itemValue><![CDATA[<strong>5 . TIẾN ĐỘ THANH TO&Aacute;N</strong><br />\r\n<br />\r\nKh&aacute;ch h&agrave;ng thanh to&aacute;n chỉ 10 % . c&ograve;n lại thanh to&aacute;n trong v&ograve;ng 2 năm kh&ocirc;ng l&atilde;i xuất . Ng&acirc;n h&agrave;ng hổ trợ 70 % trong 20 năm với l&atilde;i xuất cực kỳ ưu đ&atilde;i .]]></itemValue><itemValue><![CDATA[<strong>6. SƠ ĐỒ MẶT BẰNG</strong><br />\r\n&nbsp;]]></itemValue><itemValue><![CDATA[<span style=\"line-height: 20.8px;\"><strong><span style=\"line-height: 20.8px;\">7. CĂN HỘ MẪU</span></strong><br />\r\n<br style=\"line-height: 20.8px;\" />\r\n<span style=\"line-height: 20.8px;\">Dự &aacute;n căn hộ Centa Park được gi&aacute; rất cao bởi vị tr&iacute; đắc địa bấc nhất khu vực quận T&acirc;n B&igrave;nh với lợi thế 4 mặt tiền đường v&agrave; cũng khu d&acirc;n cư phức hợp sầm uất với nhiều dự &aacute;n &Acirc;u Cơ Tower, T&acirc;n Hương Tower, Căn hộ Lucky v&agrave; cũng l&agrave; nơi l&yacute; tưởng cho bạn sỡ hữu khu căn hộ ngay tại khu trung t&acirc;m tại T&acirc;n B&igrave;nh v&agrave; khu vực bậc nhất ph&iacute;a T&acirc;y S&agrave;i G&ograve;n .</span></span><br />\r\n<br style=\"line-height: 20.8px;\" />\r\n<span style=\"line-height: 20.8px;\">Dự &aacute;n căn hộ Centa Park được gi&aacute; rất cao bởi vị tr&iacute; đắc địa bấc nhất khu vực quận T&acirc;n B&igrave;nh với lợi thế 4 mặt tiền đường v&agrave; cũng khu d&acirc;n cư phức hợp sầm uất với nhiều dự &aacute;n &Acirc;u Cơ Tower, T&acirc;n Hương Tower, Căn hộ Lucky v&agrave; cũng l&agrave; nơi l&yacute; tưởng cho bạn sỡ hữu khu căn hộ ngay tại khu trung t&acirc;m tại T&acirc;n B&igrave;nh v&agrave; khu vực bậc nhất ph&iacute;a T&acirc;y S&agrave;i G&ograve;n .</span>]]></itemValue></item><item\n            displayName=\"Nội dung cuối trang\" maxOccurs=\"1\"\n            minOccurs=\"1\" itemType=\"RICH_TEXT\"\n            itemKey=\"footerContent\"><itemValue><![CDATA[Liện hệ Ph&ograve;ng Kinh Doanh Căn hộ Centa Park để được giữ chỗ : <span style=\"color:#B22222;\"><span style=\"font-size:16px;\"><strong>0902481155</strong></span></span>]]></itemValue></item><item\n            displayName=\"Hình ảnh\" maxOccurs=\"100\" minOccurs=\"1\"\n            itemType=\"IMAGE\" itemKey=\"gallery\"/></items></contentItem>\n','2015-12-27 09:56:11','2015-12-30 13:18:31','2015-12-27 09:56:11',1,'Căn hộ Centa Park'),(10,5,4,'Căn hộ 9 view','căn hộ 9 view','Căn hộ 9 view','/vms-web/contents/can-ho-9-view-img-1450628677.jpg',3,1,1,'Đường Tăng Nhơn Phú , Q9',NULL,'15.462','','35,3%','2',800,'m2',0,0,1,'<?xml version=\"1.0\" encoding=\"UTF-8\"?>\n<contentItem><items><item displayName=\"Nội dung đầu trang\" maxOccurs=\"1\"\n            minOccurs=\"1\" itemType=\"RICH_TEXT\"\n            itemKey=\"headerContent\"><itemValue><![CDATA[Chương tr&igrave;nh ưu đ&atilde;i đặc biệt cho 50 căn hộ 9 view mở b&aacute;n đầu ti&ecirc;n<br />\r\nG&iacute;a b&aacute;n chỉ từ 800 triệu/căn &nbsp;giao nh&agrave; ho&agrave;n thiện nội thất cao cấp\r\n<ul>\r\n	<li>tặng bộ nội thất cao cấp từ chủ đầu tư</li>\r\n	<li>Tặng Voucher trị gi&aacute; 30.000.000 VND</li>\r\n	<li>Mua trong ng&agrave;y Event mở b&aacute;n chiết khấu &nbsp;5%</li>\r\n	<li>Thanh to&aacute;n k&yacute; hợp đồng chỉ 10%</li>\r\n	<li>Thanh to&aacute;n nhanh chiết khấu 25%</li>\r\n	<li>Bốc thăm qu&agrave; tặng l&ecirc;n đến 500 triệu đồng</li>\r\n</ul>\r\nPh&ograve;ng Kinh Doanh Hưng Thịnh : 0902481155<br />\r\nEmail : tienpm@hungthinhland.com]]></itemValue></item><item\n            displayName=\"Tiêu đề\" maxOccurs=\"10\" minOccurs=\"1\"\n            itemType=\"PLAIN_TEXT\"\n            itemKey=\"mapHeader\"><itemValue><![CDATA[Quy mô dự án]]></itemValue><itemValue><![CDATA[Vị trí]]></itemValue><itemValue><![CDATA[Tiện ích]]></itemValue><itemValue><![CDATA[Ưu điểm]]></itemValue><itemValue><![CDATA[Tiến độ thanh toán]]></itemValue><itemValue><![CDATA[Sơ đồ mặt bằng]]></itemValue><itemValue><![CDATA[Căn hộ mẫu]]></itemValue></item><item\n            displayName=\"mapContent\" maxOccurs=\"10\" minOccurs=\"1\"\n            itemType=\"RICH_TEXT\"\n            itemKey=\"mapContent\"><itemValue><![CDATA[<strong>1. QUY M&Ocirc; DỰ &Aacute;N CĂN HỘ 9 VIEW</strong>\r\n<ul>\r\n	<li>Diện t&iacute;ch khu đất 12,627 m2</li>\r\n	<li>Diện t&iacute;ch c&acirc;y xanh , giao th&ocirc;ng , c&ocirc;ng vi&ecirc;n 6.417,4 &nbsp;m2</li>\r\n	<li>Mật độ x&acirc;y dựng 40 %</li>\r\n	<li>Số Block 2</li>\r\n	<li>Số tầng 18 tấng</li>\r\n	<li>số căn hộ 648 căn hộ</li>\r\n	<li>Diện t&iacute;ch căn hộ 50,37 m2 đến 71,68 m2 ( 2-3 ph&ograve;ng ngủ )</li>\r\n	<li>Căn trệt thương mại , nh&agrave; trẻ , si&ecirc;u thị , spa , gym ....</li>\r\n	<li>Hồ bơi</li>\r\n	<li>G&iacute;a chỉ 1,2 tỷ/ căn</li>\r\n</ul>\r\n\r\n<div style=\"text-align: center;\"><i><img alt=\"\" src=\"/repository/vms-web/images/san-pham/can-ho-9-view-img-1450628677.jpg\" style=\"width: 700px; height: 481px;\" /><br />\r\nphối cảnh tổng thể căn hộ 9 view quận 9</i></div>\r\n]]></itemValue><itemValue><![CDATA[<strong>2. VỊ TR&Iacute; DỰ &Aacute;N CĂN HỘ 9 VIEW</strong><br />\r\n<br />\r\n* Vị tr&iacute; tại trung t&acirc;m quận 9 , ngay khu phức hợp cao cấp , hiện đại , quy hoạch ho&agrave;n chỉnh v&agrave; đồng bộ<br />\r\n&nbsp;\r\n<div style=\"text-align: center;\"><i><img alt=\"\" src=\"/repository/vms-web/images/san-pham/vitricanho9view.jpg\" style=\"width: 700px; height: 481px;\" /><br />\r\nvị tr&iacute; đắt địa của căn hộ 9 view</i></div>\r\n<br />\r\n* Từ căn hộ 9 view quận 9 dể d&agrave;ng tiếp cận c&aacute;c tuyến đườn ch&iacute;nh : xa lộ h&agrave; nội , v&agrave;nh đai 2, gia d&igrave;nh bạn c&oacute; thể di chuyển đến c&aacute;c khu vực l&acirc;n cận một c&aacute;ch nhanh ch&oacute;ng : quận 2 ( 9 ph&uacute;t ) , trung t&acirc;m ph&uacute; mỹ hưng ( 15 ph&uacute;t ) , trung t&acirc;m quận 1 ( 20 ph&uacute;t ).<br />\r\n* Cổng ri&ecirc;ng dẩn từ đường tăng nhơn ph&uacute; dẩn đến dự &aacute;n , tạo sự y&ecirc;n tĩnh v&agrave; an ninh]]></itemValue><itemValue><![CDATA[<strong>3. TIỆN &Iacute;CH DỰ &Aacute;N CĂN HỘ 9 VIEW</strong><br />\r\n<br />\r\n* liền kề c&aacute;c khu tiện &iacute;ch phức hợp : nh&agrave; giữ trẻ tầng 3 , trung t&acirc;m thương mại 6 tầng<br />\r\n* C&aacute;c tiện &iacute;ch kh&aacute;c như : trường học , si&ecirc;u thị , bệnh viện , khu c&ocirc;ng nghệ cao ...\r\n<div style=\"text-align: center;\"><i><img alt=\"\" src=\"/repository/vms-web/images/san-pham/tienichcanho9view2.jpg\" style=\"width: 700px; height: 481px;\" /><br />\r\ntiện &iacute;ch nội khu căn hộ 9 view quận 9</i></div>\r\n]]></itemValue><itemValue><![CDATA[4. TẠI SAO N&Ecirc;N CHỌN CĂN HỘ 9 VIEW TẠI QUẬN 9\r\n<ul>\r\n	<li>&nbsp;Chủ đầu tư c&ocirc;ng ty cổ phần đầu tư bất động sản hưng thịnh với hơn 10 năm được th&agrave;nh lập v&agrave; ph&aacute;t triển c&ocirc;ng ty đ&atilde; tạo được nhiều tiếng vang lớn tr&ecirc;n thị trường bất động sản với nhiều dự &aacute;n lớn như căn hộ sky center , căn hộ florita , căn hộ lavita , vũng t&agrave;u melody , chuổi căn hộ 8x &hellip;. Đ&atilde; tạo tiếng vang lớn tr&ecirc;n thị trường bất động sản hiện tại &hellip;.</li>\r\n	<li>Cộng đồng sống văn minh cuộc sống sanh thanh b&igrave;nh&nbsp;</li>\r\n	<li>&nbsp;Vị tr&iacute; trung t&acirc;m quận 9 , tại phường phước long B , khu vực ph&aacute;t triển nhất quận 9 . kết nối quận 2 v&agrave; thủ đức c&aacute;c v&ugrave;ng l&acirc;n cận chỉ v&agrave;i ph&uacute;t di chuyển .</li>\r\n	<li>Thiết kế tất cả c&aacute;c căn hộ đều th&ocirc;ng tho&aacute;ng tận dụng tối đa &aacute;nh s&aacute;ng tự nhi&ecirc;n . Tiện &iacute;ch nội khu v&agrave; ngoại khu vượt trội .</li>\r\n	<li>&nbsp;Gi&aacute; b&aacute;n rẻ nhất khu vực chỉ 800 triệu /căn 2 ph&ograve;ng ngủ . Phương thức thanh to&aacute;n 2 năm kh&ocirc;ng l&atilde;i xuất . Ng&acirc;n h&agrave;ng hổ trợ 70% trong 20 năm l&atilde;i xuất ưu đ&atilde;i .</li>\r\n	<li>&nbsp;Ưu đ&atilde;i những kh&aacute;ch h&agrave;ng đặt chổ trước chiết khấu 5% . v&agrave; nhiều ưu đ&atilde;i nội thất b&ecirc;n chủ đầu tư .</li>\r\n</ul>\r\n]]></itemValue><itemValue><![CDATA[<strong>5 . TIẾN ĐỘ THANH TO&Aacute;N CĂN HỘ 9 VIEW QUẬN 9</strong><br />\r\n<br />\r\nKh&aacute;ch h&agrave;ng thanh to&aacute;n k&yacute; hợp đồng căn hộ 9 view chỉ 10 % . C&ograve;n lại thanh to&aacute;n trong v&ograve;ng 2 năm kh&ocirc;ng l&atilde;i xuất . mỗi đợt thanh to&aacute;n c&aacute;ch nhau 60 ng&agrave;y thanh to&aacute;n 5% . Ng&acirc;n h&agrave;ng hổ trợ 70 % trong v&ograve;ng 20 năm với l&atilde;i xuất ưu đ&atilde;i .]]></itemValue><itemValue><![CDATA[<strong>6. SƠ ĐỒ MẶT BẰNG CĂN HỘ 9 VIEW QUẬN 9</strong><br />\r\n<br />\r\nC&aacute;c căn hộ 9 view quận 9 được thiết kế tối ưu với diện t&iacute;ch từ 58.1m2 - 86,98m2 sở hữu từ 2 đến 3 ph&ograve;ng ngủ , 2 toilet , v&agrave; c&aacute;c ph&ograve;ng đều c&oacute; cửa sổ th&ocirc;ng tho&aacute;ng cộng hưởng gi&aacute; trị với tiện &iacute;ch căn hộ &nbsp;.<br />\r\nmặt bằng tổng thể căn hộ 9 view quận 9\r\n<div style=\"text-align: center;\"><i><img alt=\"\" src=\"/repository/vms-web/images/san-pham/matbang9viewquan9.jpg\" style=\"width: 700px; height: 481px;\" /><br />\r\nthiết kế mặt bằng tổng thể căn hộ 9 view&nbsp;</i><br />\r\n&nbsp;</div>\r\nTất cả c&aacute;c căn hộ đều thiết kế th&ocirc;ng tho&aacute;ng , tận dụng tối đa &aacute;nh s&aacute;ng tự nhi&ecirc;n v&agrave;o trong ng&ocirc;i nh&agrave; của bạn , tạo cho bạn cảm gi&aacute;c dể chiệu gần gủi với thi&ecirc;n nhi&ecirc;n.<br />\r\n<img alt=\"\" src=\"/repository/vms-web/images/san-pham/matcatcanho9view1.jpg\" style=\"width: 700px; height: 481px;\" /><br />\r\n<img alt=\"\" src=\"/repository/vms-web/images/san-pham/matcatcanho9view2.jpg\" style=\"width: 700px; height: 481px;\" /><br />\r\n<img alt=\"\" src=\"/repository/vms-web/images/san-pham/maucanho9view1-20151227172018.jpg\" style=\"width: 700px; height: 481px;\" /><br />\r\n<img alt=\"\" src=\"/repository/vms-web/images/san-pham/maucanho9view4.jpg\" style=\"width: 700px; height: 481px;\" />]]></itemValue><itemValue><![CDATA[<strong>7. CĂN HỘ MẪU CĂN HỘ 9 VIEW QUẬN 9</strong><br />\r\n<br />\r\nThiết kế nh&agrave; mẫu căn hộ 9 view quận 9 th&ocirc;ng tho&aacute;ng tận dụng tối đa &aacute;nh s&aacute;ng tự nhi&ecirc;n , mang to&agrave;n bộ &aacute;nh s&aacute;ng tự nhi&ecirc;n v&agrave;o căn hộ của bạn .]]></itemValue></item><item\n            displayName=\"Nội dung cuối trang\" maxOccurs=\"1\"\n            minOccurs=\"1\" itemType=\"RICH_TEXT\"\n            itemKey=\"footerContent\"/><item displayName=\"Hình ảnh\"\n            maxOccurs=\"100\" minOccurs=\"1\" itemType=\"IMAGE\" itemKey=\"gallery\"/></items></contentItem>\n','2015-12-27 10:24:44','2015-12-30 13:18:31','2015-12-27 10:24:44',1,'Căn hộ 9 view'),(11,5,4,'Căn hộ Sài Gòn Mia','căn hộ sài gòn mia','Căn hộ Sài Gòn Mia','/vms-web/contents/can-ho-sai-gon-mia-img-1449463061.jpg',2,1,1,'Khu Dân cư Trung Sơn',NULL,'15.462 ','','35,3%','2',1000,'m2',0,0,1,'<?xml version=\"1.0\" encoding=\"UTF-8\"?>\n<contentItem><items><item displayName=\"Nội dung đầu trang\" maxOccurs=\"1\"\n            minOccurs=\"1\" itemType=\"RICH_TEXT\"\n            itemKey=\"headerContent\"><itemValue><![CDATA[<div style=\"text-align: center;\">CĂN HỘ CAO CẤP S&Agrave;I G&Ograve;N MIA TRUNG SƠN<br />\r\nVỊ TR&Iacute; V&Agrave;NG &nbsp;TRUNG T&Acirc;M KHU TRUNG SƠN<br />\r\nThiết kế đẹp, hiện đại, ph&ugrave; hợp mua để ở hoặc cho thu&ecirc;<br />\r\nGIAO NH&Agrave; HO&Agrave;N THIỆN NỘI THẤT NGOẠI NHẬP<br />\r\nGi&aacute; từ 1Tỷ / căn<br />\r\nCHIẾT KHẤU 5% ƯU Đ&Atilde;I THANH TO&Aacute;N CHIẾT KHẤU L&Ecirc;N ĐẾN 24% &amp; KHUYẾN M&Atilde;I CỰC LỚN TRONG ĐỢT ĐẦU MỞ B&Aacute;N<br />\r\nHotline : 0902481155&nbsp;</div>\r\n]]></itemValue></item><item\n            displayName=\"Tiêu đề\" maxOccurs=\"10\" minOccurs=\"1\"\n            itemType=\"PLAIN_TEXT\"\n            itemKey=\"mapHeader\"><itemValue><![CDATA[Tổng quan]]></itemValue><itemValue><![CDATA[Vị trí]]></itemValue><itemValue><![CDATA[Tiện ích]]></itemValue><itemValue><![CDATA[Ưu điểm]]></itemValue><itemValue><![CDATA[Tiến độ thanh toán]]></itemValue><itemValue><![CDATA[Sơ đồ mặt bằng]]></itemValue><itemValue><![CDATA[Căn hộ mẫu]]></itemValue></item><item\n            displayName=\"mapContent\" maxOccurs=\"10\" minOccurs=\"1\"\n            itemType=\"RICH_TEXT\"\n            itemKey=\"mapContent\"><itemValue><![CDATA[<strong>1 TỔNG QUAN CĂN HỘ S&Agrave;I G&Ograve;N MIA TRUNG SƠN</strong>\r\n<div style=\"text-align: center;\"><img alt=\"\" src=\"/repository/vms-web/images/san-pham/can-ho-sai-gon-mia-img-1449463061.jpg\" style=\"width: 700px; height: 481px;\" /><br />\r\nphối cảnh tổng thể căn hộ s&agrave;i g&ograve;n Mia trung sơn<br />\r\n&nbsp;</div>\r\nChủ Đầu Tư: C&ocirc;ng Ty Cổ Phần Đầu Tư Kinh Doanh Địa Ốc &nbsp;Hưng Thịnh<br />\r\nĐơn vị thi c&ocirc;ng tập đo&agrave;n x&acirc;y dựng Hưng Thịnh Corp<br />\r\nTiếp Thị V&agrave; Ph&acirc;n Phối Độc Quyền: Hưng Thịnh Land<br />\r\nDự &aacute;n c&oacute; tổng diện t&iacute;ch 2,4 ha . mật độ xay dựng chỉ 35%]]></itemValue><itemValue><![CDATA[<strong>2 VỊ TR&Iacute; CĂN HỘ S&Agrave;I G&Ograve;N MIA TRUNG SƠN</strong><br />\r\n<br />\r\nVới vị tr&iacute; thuận lợi, từ S&agrave;i g&ograve;n Mia cư d&acirc;n c&oacute; thể di chuyển nhanh ch&oacute;ng đến trung t&acirc;m ph&uacute; mỹ hưng chỉ 10 ph&uacute;t , c&aacute;c khu trung t&acirc;m thương mại, hệ thống trường học c&aacute;c cấp từ mầm non đến trung học, bệnh viện, khu vui chơi thiếu nhi đẳng cấp nhất quận quận 7 chỉ mất khoảng 15 ph&uacute;t , đến được chợ Bến Th&agrave;nh - khu vực trung t&acirc;m th&agrave;nh phố chỉ 15 ph&uacute;t .<br />\r\nvị tr&iacute; căn hộ s&agrave;i gon mia quận 2\r\n<div style=\"text-align: center;\"><i><img alt=\"\" src=\"/repository/vms-web/images/san-pham/vitricanhosaigonmiatrungson.jpg\" style=\"width: 700px; height: 481px;\" /><br />\r\nvị tr&iacute; dự &aacute;n chung cư s&agrave;i g&ograve;n Mia trung sơn</i></div>\r\n<br />\r\nN&oacute;i đến &nbsp;Khu trung sơn vị tr&iacute; kh&ocirc;ng cần phải b&agrave;n cải khu đ&ocirc; thị mới được quy hoạch đồng bộ đẳng cấp hiện đại của khu trung sơn .Khu trung sơn l&agrave; nơi tập trung c&aacute;c dự &aacute;n bất động sản lớn v&agrave; chất lượng h&agrave;ng đầu của c&aacute;c c&ocirc;ng ty bất động sản khu vực miền nam như &nbsp;Nova Land , Đại Quang Minh , VinGrup , MIK &hellip;<br />\r\n<br />\r\nCăn hộ s&agrave;i g&ograve;n Mia trung sơn nằm trong khu tổng thể Khu đ&ocirc; thị khu d&acirc;n cư trung sơn được chủ đầu tư Hưng Thịnh l&agrave;m chủ đầu tư x&acirc;y dựng v&agrave; ph&acirc;n phối độc quyền dự &aacute;n . S&agrave;i g&ograve;n Mia hứa hẹn sẻ tạo tiếng vang lớn cho thị trường bất động sản quận b&igrave;nh ch&aacute;nh trong qu&yacute; IV cuối năm 2015]]></itemValue><itemValue><![CDATA[<strong>3. TIỆN &Iacute;CH DỰ &Aacute;N CĂN HỘ S&Agrave;I G&Ograve;N MIA TRUNG SƠN</strong><br />\r\n<br />\r\n<strong>A. &nbsp;TIỆN &Iacute;CH NỘI KHU</strong><br />\r\n<br />\r\nMột khu căn hộ cao cấp, một chốn an cư l&yacute; tưởng để bạn lu&ocirc;n nhớ đến v&agrave; muốn trở c&ugrave;ng sum họp gia đ&igrave;nh về sau mỗi ng&agrave;y l&agrave;m việc bận rộn th&igrave; kh&ocirc;ng thể thiếu những tiện &iacute;ch gi&uacute;p bạn thư gi&atilde;n v&agrave; giải stress, vui chơi,. S&agrave;i g&ograve;n Mia trung sơn ch&iacute;nh l&agrave; điểm dừng ch&acirc;n l&yacute; tưởng của gia đ&igrave;nh bạn. Nơi mang đến cho bạn v&agrave; mọi người tr&agrave;n ngập hạnh ph&uacute;c, tiếng cười v&agrave; cuộc sống thăng hoa.<br />\r\ntiện &iacute;ch dự &aacute;n căn hộ s&agrave;i g&ograve;n mia\r\n<div style=\"text-align: center;\"><i><img alt=\"\" src=\"/repository/vms-web/images/san-pham/tienichnoikhucanhosaigonmia.jpg\" style=\"width: 700px; height: 481px;\" /><br />\r\ntiện &iacute;ch hiện đại đẳng cấp phục vụ cư d&acirc;n s&agrave;i g&ograve;n Mia trung sơn</i><br />\r\n&nbsp;</div>\r\n<strong>B. TIỆN &Iacute;CH NGOẠI KHU</strong><br />\r\n<br />\r\nTiện &iacute;ch ngoại khu s&agrave;i g&ograve;n Mia liền kề tất cả c&aacute;c khu dịch vụ đẳng cấp ph&aacute;t triển nhất khu vực trung sơn . Từ căn hộ s&agrave;i g&ograve;n mia bạn chỉ mất 10 - 15 ph&uacute;t l&agrave; bạn c&oacute; thể tới những nơi bạn muốn tới .]]></itemValue><itemValue><![CDATA[<strong>4. TẠI SAO N&Ecirc;N CHỌN CĂN HỘ S&Agrave;I G&Ograve;N MIA TRUNG SƠN</strong>\r\n<ul>\r\n	<li>* Chủ đầu tư uy t&iacute;n Hưng Thịnh , Hung Thinh Corp tự h&agrave;o l&agrave; chủ đầu tư tạo được uy t&iacute;n trong l&ograve;ng Kh&aacute;ch h&agrave;ng&nbsp;qua c&aacute;c c&ocirc;ng tr&igrave;nh đ&atilde; hiện hữu.</li>\r\n	<li>* Gi&aacute; cạnh tranh nhất khu vực, chỉ từ 1.6 tỷ/căn s&agrave;i g&ograve;n mia thừa hưởng c&aacute;c gi&aacute; trị tiện &iacute;ch vượt trội từ khu vực đem đến m&ocirc;i trường sống trong l&agrave;nh v&agrave; gần gũi với thi&ecirc;n nhi&ecirc;n.</li>\r\n	<li>* Chất lượng c&ocirc;ng tr&igrave;nh S&Agrave;I G&Ograve;N MIA &nbsp;được tập đo&agrave;n x&acirc;y dựng Hưng Thịnh x&acirc;y dựng đ&atilde; được khẳng định chất lượng củng như tiến độ của c&aacute;c dự &aacute;n trước như 91 PHẠM VĂN HAI , Ph&uacute;c Y&ecirc;n , 115 Nguyễn Ch&iacute; Thanh , SKY Center &hellip;&hellip;</li>\r\n	<li>&nbsp;* Vi tr&iacute; căn hộ s&agrave;i g&ograve;n Mia sở hửu một vị tr&iacute; v&ocirc; c&ugrave;ng đắc địa , vị tr&iacute; chiến lược ph&aacute;t triển . cơ sở hạ tầng đồng bộ kết nối to&agrave;n bộ c&aacute;c tuyến đường trọng điểm v&agrave;o trung t&acirc;m th&agrave;nh phố . C&oacute; thể n&oacute;i căn hộ s&agrave;i g&ograve;n Mia sở hửu vị tr&iacute; v&agrave;ng tại trung t&acirc;m khu d&acirc;n cư trung sơn th&agrave;nh phố hồ ch&iacute; minh.</li>\r\n</ul>\r\n]]></itemValue><itemValue><![CDATA[<strong>5 . TIẾN ĐỘ THANH TO&Aacute;N&nbsp;</strong><br />\r\n<br />\r\nKh&aacute;ch h&agrave;ng thanh to&aacute;n chỉ 10 % . c&ograve;n lại thanh to&aacute;n trong v&ograve;ng 2 năm kh&ocirc;ng l&atilde;i xuất . Ng&acirc;n h&agrave;ng hổ trợ 70 % trong 20 năm với l&atilde;i xuất cực kỳ ưu đ&atilde;i .]]></itemValue><itemValue><![CDATA[<strong>6. SƠ ĐỒ MẶT BẰNG&nbsp;</strong>]]></itemValue><itemValue><![CDATA[<strong>7. CĂN HỘ MẪU</strong><br />\r\n<br />\r\nVới lối thiết kế th&ocirc;ng minh nhằm tạo n&ecirc;n kh&ocirc;ng gian sống sang trọng nhưng vẫn h&agrave;i h&ograve;a c&ugrave;ng thi&ecirc;n nhi&ecirc;n . Từng chi tiết thiết kế trong căn hộ đều th&ocirc;ng tho&aacute;ng , hiện đại , nội thất cao cấp ... đem lại cảm gi&aacute;c tươi m&aacute;t trong từng căn hộ .<br />\r\nnh&agrave; mẫu căn hộ s&agrave;i g&ograve;n mia&nbsp;<br />\r\n<br />\r\n<img alt=\"\" src=\"/repository/vms-web/images/san-pham/nhamaucanhosaigonmia3.jpg\" style=\"width: 700px; height: 481px;\" /><br />\r\n<img alt=\"\" src=\"/repository/vms-web/images/san-pham/nhamaucanhosaigonmia4.jpg\" style=\"width: 700px; height: 481px;\" /><br />\r\n<img alt=\"\" src=\"/repository/vms-web/images/san-pham/nhamaucanhosaigonmia5.jpg\" style=\"width: 700px; height: 481px;\" /><br />\r\n<br />\r\nCăn hộ s&agrave;i g&ograve;n mia được xem l&agrave; một trong những khu căn hộ c&oacute; vị tr&iacute; đắc địa bậc nhất S&agrave;i G&ograve;n khi tọa lạc tại khu d&acirc;n cư trung sơn - điểm thuận tiện kết nối to&agrave;n th&agrave;nh phố. Từ đ&acirc;y, cư d&acirc;n dễ d&agrave;ng di chuyển đến Q.1, Q.4, Q.7, Q.8 hay Q.5 chỉ với v&agrave;i ph&uacute;t. Với lối kiến tr&uacute;c hiện đại h&ograve;a quyện c&ugrave;ng thi&ecirc;n nhi&ecirc;n, căn hộ s&agrave;i g&ograve;n mia sẽ đem đến cho chủ nh&acirc;n một kh&ocirc;ng gian sống y&ecirc;n b&igrave;nh c&ugrave;ng hoa cỏ ngay trong khu căn hộ.]]></itemValue></item><item\n            displayName=\"Nội dung cuối trang\" maxOccurs=\"1\"\n            minOccurs=\"1\" itemType=\"RICH_TEXT\"\n            itemKey=\"footerContent\"/><item displayName=\"Hình ảnh\"\n            maxOccurs=\"100\" minOccurs=\"1\" itemType=\"IMAGE\" itemKey=\"gallery\"/></items></contentItem>\n','2015-12-27 10:41:45','2015-12-30 13:18:31','2015-12-27 10:41:45',1,'Căn hộ Sài Gòn Mia'),(12,5,4,'Căn hộ cao cấp Park Vista Quận 7','căn hộ park vista','Căn hộ cao cấp Park Vista Quận 7','/vms-web/contents/canhoparkvistaquan7.jpg',1,1,1,'Đường Nguyễn Hữu Thọ, Nhà Bè, TP HCM',1,'','4','35,3%','4',1200,'hecta',0,0,1,'<?xml version=\"1.0\" encoding=\"UTF-8\"?>\n<contentItem><items><item displayName=\"Nội dung đầu trang\" maxOccurs=\"1\"\n            minOccurs=\"1\" itemType=\"RICH_TEXT\"\n            itemKey=\"headerContent\"><itemValue><![CDATA[<div style=\"text-align: center;\">CĂN HỘ CAO CẤP PARK VISTA QUẬN 7<br />\r\n&nbsp;VỊ TR&Iacute; V&Agrave;NG &nbsp;MẶT TIỀN ĐƯỜNG NGUYỄN HỮU THỌ<br />\r\nLIỀN KỀ KHU Đ&Ocirc; THỊ MỚI PH&Uacute; MỸ HƯNG<br />\r\nThiết kế đẹp, hiện đại, ph&ugrave; hợp mua để ở hoặc cho thu&ecirc;<br />\r\nGIAO NH&Agrave; HO&Agrave;N THIỆN NỘI THẤT NGOẠI NHẬP<br />\r\nGi&aacute; từ 1,2 Tỷ / căn<br />\r\nCHIẾT KHẤU &amp; KHUYẾN M&Atilde;I CỰC LỚN TRONG ĐỢT ĐẦU MỞ B&Aacute;N<br />\r\nHotline : 0902481155</div>\r\n]]></itemValue></item><item\n            displayName=\"Tiêu đề\" maxOccurs=\"10\" minOccurs=\"1\"\n            itemType=\"PLAIN_TEXT\"\n            itemKey=\"mapHeader\"><itemValue><![CDATA[Tổng quan]]></itemValue></item><item\n            displayName=\"mapContent\" maxOccurs=\"10\" minOccurs=\"1\"\n            itemType=\"RICH_TEXT\"\n            itemKey=\"mapContent\"><itemValue><![CDATA[1 TỔNG QUAN CĂN HỘ PARK VISTA QUẬN 7<br />\r\n<br />\r\n<img alt=\"\" src=\"/repository/vms-web/images/san-pham/can-ho-pack-vista/canhoparkvistaquan7.jpg\" style=\"width: 700px; height: 481px;\" /><br />\r\nphối cảnh thực tế căn hộ park vista quận 7<br />\r\n<br />\r\nChủ Đầu Tư: C&ocirc;ng Ty Cổ Phần Đầu Tư Kinh Doanh Địa Ốc &nbsp;MIK<br />\r\nĐơn vị thi c&ocirc;ng tập đo&agrave;n x&acirc;y dựng h&ograve;a b&igrave;nh .<br />\r\nTiếp Thị V&agrave; Ph&acirc;n Phối Độc Quyền: MIK<br />\r\nDự &aacute;n c&oacute; tổng diện t&iacute;ch 2,4 ha . mật độ xay dựng chỉ 21,6%]]></itemValue></item><item\n            displayName=\"Nội dung cuối trang\" maxOccurs=\"1\"\n            minOccurs=\"1\" itemType=\"RICH_TEXT\"\n            itemKey=\"footerContent\"/><item displayName=\"Hình ảnh\"\n            maxOccurs=\"100\" minOccurs=\"1\" itemType=\"IMAGE\" itemKey=\"gallery\"/></items></contentItem>\n','2015-12-27 10:56:23','2015-12-30 13:18:31','2015-12-27 10:56:23',1,'Căn hộ park vista'),(13,6,4,'shop house and officetel sky center','shop house and officetel, sky center','Sky Center là dự án căn hộ cao cấp, hội tụ những giá trị đẳng cấp và sang trọng bậc nhất tại khu biệt thự Sân Bay Tân Sân Nhất, bao gồm: Những căn hộ hiện đại; Shop-house với môi trường kinh doanh vô cùng thuận lợi; hệ thống Officetel vừa là nơi làm việc,','/vms-web/contents/sky-center.jpg',0,1,2,'Số 10 Phổ Quang , Phường 12 , Q Tân Bình , TP.HCM',1,'','11,997,2',' 35%','4',11000,'',0,0,0,'<?xml version=\"1.0\" encoding=\"UTF-8\"?>\n<contentItem><items><item displayName=\"Nội dung đầu trang\" maxOccurs=\"1\"\n            minOccurs=\"1\" itemType=\"RICH_TEXT\"\n            itemKey=\"headerContent\"><itemValue><![CDATA[<h3><strong>Chương tr&igrave;nh ưu đ&atilde;i đặc biệt cho kh&aacute;ch h&agrave;ng mua căn hộ officetel v&agrave; shop house sky center</strong></h3>\r\n\r\n<ol>\r\n	<li>G&iacute;a b&aacute;n chỉ từ 1,1 tỷ /căn giao nh&agrave; ho&agrave;n thiện nội thất cao cấp</li>\r\n	<li>Tặng Voucher trị gi&aacute; 30.000.000 VND</li>\r\n	<li>Mua trong ng&agrave;y Event mở b&aacute;n chiết khấu 3%</li>\r\n	<li>Thanh to&aacute;n k&yacute; hợp đồng chỉ 10%</li>\r\n	<li>Thanh to&aacute;n nhanh chiết khấu 25%</li>\r\n	<li>Bốc thăm qu&agrave; tặng l&ecirc;n đến 100 triệu đồng</li>\r\n</ol>\r\n&nbsp;Ph&ograve;ng Kinh Doanh Hưng Thịnh : 0902481155<br />\r\n&nbsp;Email : tienpham1991@gmail.com]]></itemValue></item><item\n            displayName=\"Tiêu đề\" maxOccurs=\"10\" minOccurs=\"1\"\n            itemType=\"PLAIN_TEXT\"\n            itemKey=\"mapHeader\"><itemValue><![CDATA[Giới Thiệu Tổng Quan]]></itemValue><itemValue><![CDATA[Vị trí]]></itemValue><itemValue><![CDATA[Tiện ích]]></itemValue><itemValue><![CDATA[Mặt bằng căn hộ]]></itemValue><itemValue><![CDATA[Phương thức thanh toán]]></itemValue><itemValue><![CDATA[Chương trình khuyến mãi]]></itemValue><itemValue><![CDATA[Mặt bằng chi tiết]]></itemValue><itemValue><![CDATA[Lý do nên chọn]]></itemValue></item><item\n            displayName=\"mapContent\" maxOccurs=\"10\" minOccurs=\"1\"\n            itemType=\"RICH_TEXT\"\n            itemKey=\"mapContent\"><itemValue><![CDATA[Sky Center l&agrave; dự &aacute;n căn hộ cao cấp, hội tụ những gi&aacute; trị đẳng cấp v&agrave; sang trọng bậc nhất tại khu biệt thự S&acirc;n Bay T&acirc;n S&acirc;n Nhất, bao gồm: Những căn hộ hiện đại; Shop-house với m&ocirc;i trường kinh doanh v&ocirc; c&ugrave;ng thuận lợi; hệ thống Officetel vừa l&agrave; nơi l&agrave;m việc, vừa l&agrave; nơi nghỉ ngơi gi&uacute;p bạn tiết kiệm nhiều thời gian v&agrave; chi ph&iacute;.\r\n<div style=\"text-align: center;\"><img alt=\"\" src=\"/repository/vms-web/images/san-pham/sky-center.jpg\" style=\"width: 800px; height: 550px;\" /></div>\r\n<br />\r\nCăn hộ Sky Center tọa lạc tr&ecirc;n khu đất rộng 11.997,2 m2<br />\r\nDự &aacute;n gồm c&oacute; 4 block cao 16 tầng+02 tầng hầm ( 3 block căn hộ, 1 block Officetel)<br />\r\nMật độ x&acirc;y dựng: 39,8 %, phần c&ograve;n lại d&agrave;nh cho giao th&ocirc;ng, khu vực c&acirc;y xanh, hồ bơi v&agrave; khu vui chơi giải tr&iacute;<br />\r\nTổng số căn hộ: 495 căn<br />\r\nMỗi Block căn hộ Sky Center gồm 16 tầng v&agrave; 02 tầng hầm để giữ xe, tầng trệt v&agrave; tầng 1 d&agrave;nh cho Shopping v&agrave; trung t&acirc;m thương mại, 14 tầng c&ograve;n lại d&agrave;nh cho căn hộ]]></itemValue><itemValue><![CDATA[2. Vị Tr&iacute;<br />\r\n<br />\r\nNếu như ước mơ sở hữu Bất Động Sản gần S&acirc;n bay T&acirc;n S&acirc;n Nhất được xem l&agrave; xa xỉ th&igrave; giờ đầy, cơ hội chưa bao giờ dễ d&agrave;ng đến thế.<br />\r\nSky Center tọa lạc tại khu biệt Thự S&acirc;n Bay T&acirc;n S&acirc;n Nhất, nằm giữa 2 l&aacute; phổi xanh của Th&agrave;nh Phố l&agrave; c&ocirc;ng vi&ecirc;n Ho&agrave;ng Văn Thụ v&agrave; c&ocirc;ng vi&ecirc;n Gia Định<br />\r\nSky Center với 4 mặt tiền đường (Phổ Quang-Song Nhuệ-Tr&agrave; Kh&uacute;c-Tr&agrave; Kh&uacute;c)<br />\r\nChỉ 5 ph&uacute;t đi xe m&aacute;y l&agrave; đến s&acirc;n bay T&acirc;n S&acirc;n Nhất<br />\r\nNằm trong khu vực sầm uất của 3 quận: T&acirc;n B&igrave;nh, Ph&uacute; Nhuận, Quận 3.<br />\r\nCăn hộ Sky Center c&aacute;ch s&acirc;n vận động Qu&acirc;n Khu 7 chỉ 3 ph&uacute;t xe m&aacute;y.<br />\r\n- Hướng Đ&ocirc;ng Bắc nh&igrave;n về hướng c&ocirc;ng vi&ecirc;n Gia Định.<br />\r\n- Hướng Đ&ocirc;ng Nam nh&igrave;n về trung t&acirc;m Quận 1 - th&agrave;nh phố Hồ Ch&iacute; Minh.<br />\r\n- Hướng T&acirc;y Nam nh&igrave;n về s&acirc;n vận động Qu&acirc;n Khu 7 v&agrave; c&ocirc;ng vi&ecirc;n Hoàng Văn Thụ.<br />\r\n- Hướng T&acirc;y Bắc nh&igrave;n về s&acirc;n bay T&acirc;n Sơn Nhất.]]></itemValue><itemValue><![CDATA[3. Tiện &Iacute;ch<br />\r\nA-Tiện &Iacute;ch Nội Khu<br />\r\n<br />\r\nTại khu trung t&acirc;m Sky Center l&agrave; hồ bơi tr&agrave;n v&agrave; c&ocirc;ng vi&ecirc;n c&acirc;y xanh diện t&iacute;ch l&ecirc;n đến 5.000 m2<br />\r\nTại Sky Center c&oacute; Trung t&acirc;m thương mại, nh&agrave; trẻ, &nbsp;trường mẫu gi&aacute;o, ph&ograve;ng tập Gym, Massage, caf&eacute; s&acirc;n thượng &hellip;<br />\r\nMỗi căn hộ Sky Center đều c&oacute; thiết bị kh&oacute;a mật m&atilde; hiện đại được nhập từ nước ngo&agrave;i, an to&agrave;n tuyệt đối<br />\r\nHệ thống b&aacute;o ch&aacute;y, tho&aacute;t hiểm, Camera, bảo vệ 24/24<br />\r\n&nbsp;B-Tiện &Iacute;ch Ngoại Khu<br />\r\n<br />\r\nVới lợi thế nằm giữa 2 c&ocirc;ng vi&ecirc;n c&acirc;y xanh lớn nhất Th&agrave;nh Phố, C&ocirc;ng vi&ecirc;n Gia Định v&agrave; c&ocirc;ng Vi&ecirc;n Ho&agrave;ng Văn Thụ đ&atilde; thanh lọc v&agrave; cung cấp nguồn kh&ocirc;ng kh&iacute; m&aacute;t mẻ, trong l&agrave;nh quanh năm cho Sky Center<br />\r\nKết nối nhiều trục giao th&ocirc;ng ch&iacute;nh, nằm tiếp gi&aacute;p giữa 3 quận n&ecirc;n dễ d&agrave;ng đi đến nhưng khu trung t&acirc;m kh&aacute;c từ Sky Center kh&ocirc;ng qua 10 ph&uacute;t đi xe]]></itemValue><itemValue><![CDATA[4. Mặt Bằng Căn Hộ Sky Center]]></itemValue><itemValue><![CDATA[5. Phương Thức Thanh To&aacute;n (thanh to&aacute;n theo tiến độ dự &aacute;n)<br />\r\n]]></itemValue><itemValue><![CDATA[6. Chương Tr&igrave;nh Khuyến M&atilde;i của Sky Center<br />\r\n<br />\r\nGi&aacute; Th&agrave;nh căn hộ Sky Center thấp hơn những dự &aacute;n kh&aacute;c l&agrave; do Hưng Thịnh thực hiện dự &aacute;n n&agrave;y theo quy tr&igrave;nh kh&eacute;p k&iacute;n: từ kh&acirc;u đầu tư,thiết kế,x&acirc;y dựng,marketing v&agrave; ph&acirc;n phối đều do 1 tay Hưng Thịnh đảm nhận. Do vậy,tiết giảm được tối đa c&aacute;c chi ph&iacute; trung gian,gi&uacute;p hạ gi&aacute; th&agrave;nh sản phẩm<br />\r\n<br />\r\nHiện nay khi mua mỗi căn hộ 3 ph&ograve;ng ngủ, kh&aacute;ch h&agrave;ng sẽ được tặng 1 c&acirc;y v&agrave;ng SJC (trừ căn A3), mỗi căn hộ 2 ph&ograve;ng ngủ được tặng 5 chỉ v&agrave;ng SJC c&oacute; đ&oacute;ng logo Sky Center<br />\r\n<br />\r\nNgo&agrave;i ra, tại mỗi căn hộ 3 ph&ograve;ng ngủ c&ograve;n được hưởng g&oacute;i nội thất bếp &acirc;m v&agrave; m&aacute;y h&uacute;t kh&oacute;i trị gi&aacute; 40 triệu đồng<br />\r\n<br />\r\nNếu qu&yacute; kh&aacute;ch h&agrave;ng thanh to&aacute;n trước tiến độ sẽ được t&iacute;nh l&atilde;i xuất phần thanh to&aacute;n trước đ&oacute; l&agrave; 24%/năm (khoảng 188 triệu -384 triệu) cao hơn 4 lần so với l&atilde;i xuất ng&acirc;n h&agrave;ng, chưa hết nếu nh&agrave; đầu từ mua số lượng lớn căn hộ th&igrave; sẽ c&ograve;n được hưởng chiếc khấu từ 1-2% t&ugrave;y theo số lượng căn hộ đặt mua]]></itemValue><itemValue><![CDATA[7. MẶT BẰNG CHI TIẾT SKY CENTER]]></itemValue><itemValue><![CDATA[8. Những l&yacute; do bạn kh&ocirc;ng n&ecirc;n bỏ lỡ cơ hội sở hữu v&agrave; đầu tư căn hộ Sky Center\r\n<ul>\r\n	<li>Chủ đầu tư c&oacute; uy t&iacute;n, kinh nghiệm l&acirc;u năm, c&oacute; thương hiệu lớn trong ng&agrave;nh BĐS - Chắc chắn uy t&iacute;n v&agrave; thương hiệu của tập đo&agrave;n Hưng Thịnh đ&atilde; kh&ocirc;ng c&ograve;n xa lạ g&igrave; với người d&acirc;n Việt Nam</li>\r\n	<li>Uy t&iacute;n từ đơn vị gi&aacute;m s&aacute;t APAVE của Ph&aacute;p (Apave l&agrave; c&ocirc;ng ty tập đo&agrave;n đa quốc gia của Ph&aacute;p c&oacute; 140 năm kinh nghiệm trong việc tư vấn, gi&aacute;m s&aacute;t x&acirc;y dựng,Với hơn 9.800 nh&acirc;n vi&ecirc;n. Tại Việt Nam th&igrave; Apave đ&atilde; từng l&agrave;m nhiều dự &aacute;n lớn như :Đ&agrave;i kiểm so&aacute;t kh&ocirc;ng lưu quốc tế Nội B&agrave;i; Lotte Hanoi Center; Sai Gon Pearl; Bitexco Financial Tower; Trung t&acirc;m h&agrave;nh ch&iacute;nh Đ&agrave; Nẵng; hầm Đ&egrave;o Cả xuy&ecirc;n quốc lộ 1A&hellip;)</li>\r\n	<li>Vị tr&iacute; l&agrave; yếu tố quy&ecirc;t định gi&aacute; trị gia tăng của căn hộ Sky Center</li>\r\n	<li>Trang thiết bị cao cấp, hiện đại, đa số l&agrave; h&agrave;ng nhập khẩu (cửa l&agrave;m bằng gỗ sồi tự nhi&ecirc;n, kh&oacute;a cửa bằng m&atilde; số l&agrave;m bằng hợp kim kh&ocirc;ng gỉ s&eacute;t, thết bị vệ sinh của h&atilde;ng TOTO,&hellip;.)</li>\r\n	<li>T&iacute;nh thanh khoản cao, th&iacute;ch hợp cho đầu tư, nhiều qu&agrave; tặng v&agrave; chương tr&igrave;nh khuyến m&atilde;i khi mua căn hộ tại Sky Center</li>\r\n	<li>Thanh to&aacute;n từng phần nhỏ theo tiến độ dự &aacute;n</li>\r\n	<li>Được ng&acirc;n h&agrave;ng VietBank cho vay theo l&atilde;i xuất ưu đ&atilde;i nếu kh&aacute;ch h&agrave;ng c&oacute; nhu cầu</li>\r\n</ul>\r\n]]></itemValue></item><item\n            displayName=\"Nội dung cuối trang\" maxOccurs=\"1\"\n            minOccurs=\"1\" itemType=\"RICH_TEXT\"\n            itemKey=\"footerContent\"/><item displayName=\"Hình ảnh\"\n            maxOccurs=\"100\" minOccurs=\"1\" itemType=\"IMAGE\" itemKey=\"gallery\"/></items></contentItem>\n','2016-01-03 06:14:42','2016-01-03 06:14:42','2016-01-03 06:14:42',1,'sky center'),(14,6,4,'florita','florita','Shophouse Florita bao gồm 2 tầng là tầng trệt và tầng 1 (tầng lửng), với tầng trệt là shop, tầng lửng có thiết kế như là một căn hộ hoàn thiện có từ 1-2 phòng ngủ, phòng khách, phòng bếp và WC đầy đủ không khác gì một căn hộ bình thường','/vms-web/contents/florita.jpg',0,1,2,'Khu Him Lam Quận 7, Tp. Hồ Chí Minh',1,'','11,997,2','35 %','4',1200,'m2',0,0,0,'<?xml version=\"1.0\" encoding=\"UTF-8\"?>\n<contentItem><items><item displayName=\"Nội dung đầu trang\" maxOccurs=\"1\"\n            minOccurs=\"1\" itemType=\"RICH_TEXT\"\n            itemKey=\"headerContent\"><itemValue><![CDATA[Chương tr&igrave;nh ưu đ&atilde;i đặc biệt cho kh&aacute;ch h&agrave;ng mua căn hộ officetel v&agrave; shop house florita\r\n<ul>\r\n	<li>G&iacute;a b&aacute;n chỉ từ 1,1 tỷ /căn giao nh&agrave; ho&agrave;n thiện nội thất cao cấp</li>\r\n	<li>Tặng Voucher trị gi&aacute; 30.000.000 VND</li>\r\n	<li>Mua trong ng&agrave;y Event mở b&aacute;n chiết khấu 3%</li>\r\n	<li>Thanh to&aacute;n k&yacute; hợp đồng chỉ 10%</li>\r\n	<li>Thanh to&aacute;n nhanh chiết khấu 25%</li>\r\n	<li>Bốc thăm qu&agrave; tặng l&ecirc;n đến 100 triệu đồng</li>\r\n</ul>\r\n<br />\r\nSHOPHOUSE FLORITA - OFFICETEL FLORITA&nbsp;<br />\r\nLi&ecirc;n hệ đặt chổ Shop house v&agrave; Officetel Florita ngay từ b&acirc;y giờ để c&oacute; được mức gi&aacute; tốt nhất v&agrave; vị tr&iacute; tốt nhất<br />\r\nHoline:0902481155<br />\r\n&quot;Nắm bắt cơ hội để th&agrave;nh c&ocirc;ng !&quot;]]></itemValue></item><item\n            displayName=\"Tiêu đề\" maxOccurs=\"10\" minOccurs=\"1\"\n            itemType=\"PLAIN_TEXT\" itemKey=\"mapHeader\"/><item\n            displayName=\"mapContent\" maxOccurs=\"10\" minOccurs=\"1\"\n            itemType=\"RICH_TEXT\" itemKey=\"mapContent\"/><item\n            displayName=\"Nội dung cuối trang\" maxOccurs=\"1\"\n            minOccurs=\"1\" itemType=\"RICH_TEXT\"\n            itemKey=\"footerContent\"/><item displayName=\"Hình ảnh\"\n            maxOccurs=\"100\" minOccurs=\"1\" itemType=\"IMAGE\" itemKey=\"gallery\"/></items></contentItem>\n','2016-01-03 06:19:31','2016-01-03 13:33:12','2016-01-03 06:19:31',1,'florita'),(15,3,2,'Giới thiệu','giới thiệu','Giới thiệu',NULL,0,1,NULL,NULL,NULL,NULL,NULL,NULL,NULL,NULL,NULL,0,0,0,'<?xml version=\"1.0\" encoding=\"UTF-8\"?>\n<contentItem><items><item displayName=\"Nội dung đầu trang\" maxOccurs=\"1\"\n            minOccurs=\"1\" itemType=\"RICH_TEXT\"\n            itemKey=\"headerContent\"><itemValue><![CDATA[Giới thiệu]]></itemValue></item><item\n            displayName=\"Nội dung\" maxOccurs=\"1\" minOccurs=\"1\"\n            itemType=\"RICH_TEXT\" itemKey=\"content\"/><item\n            displayName=\"Nội dung cuối trang\" maxOccurs=\"1\"\n            minOccurs=\"1\" itemType=\"RICH_TEXT\" itemKey=\"footerContent\"/></items></contentItem>\n','2016-01-03 08:33:25','2016-01-03 08:33:25','2016-01-03 08:33:25',1,'Giới thiệu'),(16,4,2,'Liên hệ','liên hệ','Liên hệ',NULL,0,1,NULL,NULL,NULL,NULL,NULL,NULL,NULL,NULL,NULL,0,0,0,'<?xml version=\"1.0\" encoding=\"UTF-8\"?>\n<contentItem><items><item displayName=\"Nội dung đầu trang\" maxOccurs=\"1\"\n            minOccurs=\"1\" itemType=\"RICH_TEXT\"\n            itemKey=\"headerContent\"><itemValue><![CDATA[Li&ecirc;n hệ]]></itemValue></item><item\n            displayName=\"Nội dung\" maxOccurs=\"1\" minOccurs=\"1\"\n            itemType=\"RICH_TEXT\"\n            itemKey=\"content\"><itemValue><![CDATA[Li&ecirc;n hệ]]></itemValue></item><item\n            displayName=\"Nội dung cuối trang\" maxOccurs=\"1\"\n            minOccurs=\"1\" itemType=\"RICH_TEXT\" itemKey=\"footerContent\"/></items></contentItem>\n','2016-01-03 08:34:12','2016-01-03 08:34:12','2016-01-03 08:34:12',1,'Liên hệ');
/*!40000 ALTER TABLE `content` ENABLE KEYS */;
UNLOCK TABLES;

--
-- Table structure for table `customer`
--

DROP TABLE IF EXISTS `customer`;
/*!40101 SET @saved_cs_client     = @@character_set_client */;
/*!40101 SET character_set_client = utf8 */;
CREATE TABLE `customer` (
  `CustomerID` bigint(20) NOT NULL AUTO_INCREMENT,
  `FullName` varchar(255) DEFAULT NULL,
  `Email` varchar(100) DEFAULT NULL,
  `PhoneNumber` varchar(100) DEFAULT NULL,
  `LocationID` bigint(20) NOT NULL,
  `Address` varchar(255) DEFAULT NULL,
  `Description` varchar(255) DEFAULT NULL,
  `CreatedDate` timestamp NOT NULL DEFAULT CURRENT_TIMESTAMP ON UPDATE CURRENT_TIMESTAMP,
  `ModifiedDate` timestamp NOT NULL DEFAULT '0000-00-00 00:00:00',
  `CreatedBy` bigint(20) NOT NULL,
  PRIMARY KEY (`CustomerID`),
  UNIQUE KEY `Email` (`Email`),
  KEY `LocationID` (`LocationID`),
  KEY `CreatedBy` (`CreatedBy`),
  CONSTRAINT `customer_ibfk_1` FOREIGN KEY (`LocationID`) REFERENCES `location` (`LocationID`) ON DELETE NO ACTION ON UPDATE NO ACTION,
  CONSTRAINT `customer_ibfk_2` FOREIGN KEY (`CreatedBy`) REFERENCES `users` (`UserID`) ON DELETE NO ACTION ON UPDATE NO ACTION
) ENGINE=InnoDB AUTO_INCREMENT=3 DEFAULT CHARSET=utf8;
/*!40101 SET character_set_client = @saved_cs_client */;

--
-- Dumping data for table `customer`
--

LOCK TABLES `customer` WRITE;
/*!40000 ALTER TABLE `customer` DISABLE KEYS */;
INSERT INTO `customer` VALUES (1,'Khanh Tran','quockhanhqb011@gmail.com','0989890960',1,'Hiệp Bình Chánh, Quận Thủ Đức','Khách hàng nghèo ko có tiền vui lòng đừng spam mail.','2015-12-21 15:01:49','2015-12-21 15:01:49',1),(2,'Tiểu Vũ','tieuvu2601@gmail.com','0989890960',1,'Thủ Đức','đừng spam mail','2015-12-21 15:18:22','2015-12-21 15:18:22',1);
/*!40000 ALTER TABLE `customer` ENABLE KEYS */;
UNLOCK TABLES;

--
-- Table structure for table `location`
--

DROP TABLE IF EXISTS `location`;
/*!40101 SET @saved_cs_client     = @@character_set_client */;
/*!40101 SET character_set_client = utf8 */;
CREATE TABLE `location` (
  `LocationID` bigint(20) NOT NULL AUTO_INCREMENT,
  `Code` varchar(255) NOT NULL,
  `Name` varchar(255) NOT NULL,
  `DisplayOrder` int(11) DEFAULT '1',
  `ParentID` bigint(20) DEFAULT NULL,
  PRIMARY KEY (`LocationID`),
  KEY `ParentID` (`ParentID`),
  CONSTRAINT `location_ibfk_1` FOREIGN KEY (`ParentID`) REFERENCES `location` (`LocationID`) ON DELETE NO ACTION ON UPDATE NO ACTION
) ENGINE=InnoDB AUTO_INCREMENT=4 DEFAULT CHARSET=utf8;
/*!40101 SET character_set_client = @saved_cs_client */;

--
-- Dumping data for table `location`
--

LOCK TABLES `location` WRITE;
/*!40000 ALTER TABLE `location` DISABLE KEYS */;
INSERT INTO `location` VALUES (1,'HCM','Hồ Chí Minh',1,NULL),(2,'VT','Vũng Tàu',2,NULL),(3,'NT','Nha Trang',3,NULL);
/*!40000 ALTER TABLE `location` ENABLE KEYS */;
UNLOCK TABLES;

--
-- Table structure for table `portalcategory`
--

DROP TABLE IF EXISTS `portalcategory`;
/*!40101 SET @saved_cs_client     = @@character_set_client */;
/*!40101 SET character_set_client = utf8 */;
CREATE TABLE `portalcategory` (
  `ParentID` bigint(20) NOT NULL,
  `CategoryID` bigint(20) NOT NULL,
  KEY `FK86B49AAC8932500` (`CategoryID`),
  KEY `FK86B49AAC15735AC` (`ParentID`),
  CONSTRAINT `FK86B49AAC15735AC` FOREIGN KEY (`ParentID`) REFERENCES `category` (`CategoryID`),
  CONSTRAINT `FK86B49AAC8932500` FOREIGN KEY (`CategoryID`) REFERENCES `category` (`CategoryID`)
) ENGINE=InnoDB DEFAULT CHARSET=utf8;
/*!40101 SET character_set_client = @saved_cs_client */;

--
-- Dumping data for table `portalcategory`
--

LOCK TABLES `portalcategory` WRITE;
/*!40000 ALTER TABLE `portalcategory` DISABLE KEYS */;
/*!40000 ALTER TABLE `portalcategory` ENABLE KEYS */;
UNLOCK TABLES;

--
-- Table structure for table `role`
--

DROP TABLE IF EXISTS `role`;
/*!40101 SET @saved_cs_client     = @@character_set_client */;
/*!40101 SET character_set_client = utf8 */;
CREATE TABLE `role` (
  `RoleID` bigint(20) NOT NULL AUTO_INCREMENT,
  `Role` varchar(255) NOT NULL,
  `Name` varchar(255) NOT NULL,
  `Description` varchar(255) DEFAULT NULL,
  `CreatedDate` timestamp NOT NULL DEFAULT CURRENT_TIMESTAMP ON UPDATE CURRENT_TIMESTAMP,
  `ModifiedDate` timestamp NOT NULL DEFAULT '0000-00-00 00:00:00',
  PRIMARY KEY (`RoleID`),
  UNIQUE KEY `Role` (`Role`)
) ENGINE=InnoDB AUTO_INCREMENT=3 DEFAULT CHARSET=utf8;
/*!40101 SET character_set_client = @saved_cs_client */;

--
-- Dumping data for table `role`
--

LOCK TABLES `role` WRITE;
/*!40000 ALTER TABLE `role` DISABLE KEYS */;
INSERT INTO `role` VALUES (1,'editor','editor','editor','2015-12-01 14:58:18','2015-12-01 14:58:18'),(2,'CUSTOMER','Quản lý khách hàng','Quản lý thông tin khách hàng, gửi mail quảng cáo sản phẩm.','2015-12-21 16:14:37','2015-12-21 16:14:37');
/*!40000 ALTER TABLE `role` ENABLE KEYS */;
UNLOCK TABLES;

--
-- Table structure for table `usergroup`
--

DROP TABLE IF EXISTS `usergroup`;
/*!40101 SET @saved_cs_client     = @@character_set_client */;
/*!40101 SET character_set_client = utf8 */;
CREATE TABLE `usergroup` (
  `UserGroupID` bigint(20) NOT NULL AUTO_INCREMENT,
  `Code` varchar(255) NOT NULL,
  `Name` varchar(255) NOT NULL,
  `Description` varchar(255) DEFAULT NULL,
  `CreatedDate` timestamp NOT NULL DEFAULT CURRENT_TIMESTAMP ON UPDATE CURRENT_TIMESTAMP,
  `ModifiedDate` timestamp NOT NULL DEFAULT '0000-00-00 00:00:00',
  PRIMARY KEY (`UserGroupID`),
  UNIQUE KEY `Code` (`Code`)
) ENGINE=InnoDB AUTO_INCREMENT=2 DEFAULT CHARSET=utf8;
/*!40101 SET character_set_client = @saved_cs_client */;

--
-- Dumping data for table `usergroup`
--

LOCK TABLES `usergroup` WRITE;
/*!40000 ALTER TABLE `usergroup` DISABLE KEYS */;
INSERT INTO `usergroup` VALUES (1,'Administrator','Administrator','Administrator','2015-11-27 16:15:40','0000-00-00 00:00:00');
/*!40000 ALTER TABLE `usergroup` ENABLE KEYS */;
UNLOCK TABLES;

--
-- Table structure for table `userrole`
--

DROP TABLE IF EXISTS `userrole`;
/*!40101 SET @saved_cs_client     = @@character_set_client */;
/*!40101 SET character_set_client = utf8 */;
CREATE TABLE `userrole` (
  `UserRoleID` bigint(20) NOT NULL AUTO_INCREMENT,
  `UserID` bigint(20) NOT NULL,
  `RoleID` bigint(20) NOT NULL,
  PRIMARY KEY (`UserRoleID`),
  UNIQUE KEY `UserID` (`UserID`,`RoleID`),
  KEY `RoleID` (`RoleID`),
  CONSTRAINT `userrole_ibfk_1` FOREIGN KEY (`UserID`) REFERENCES `users` (`UserID`) ON DELETE NO ACTION ON UPDATE NO ACTION,
  CONSTRAINT `userrole_ibfk_2` FOREIGN KEY (`RoleID`) REFERENCES `role` (`RoleID`) ON DELETE NO ACTION ON UPDATE NO ACTION
) ENGINE=InnoDB AUTO_INCREMENT=3 DEFAULT CHARSET=utf8;
/*!40101 SET character_set_client = @saved_cs_client */;

--
-- Dumping data for table `userrole`
--

LOCK TABLES `userrole` WRITE;
/*!40000 ALTER TABLE `userrole` DISABLE KEYS */;
INSERT INTO `userrole` VALUES (1,2,1),(2,3,2);
/*!40000 ALTER TABLE `userrole` ENABLE KEYS */;
UNLOCK TABLES;

--
-- Table structure for table `users`
--

DROP TABLE IF EXISTS `users`;
/*!40101 SET @saved_cs_client     = @@character_set_client */;
/*!40101 SET character_set_client = utf8 */;
CREATE TABLE `users` (
  `UserID` bigint(20) NOT NULL AUTO_INCREMENT,
  `Username` varchar(255) NOT NULL,
  `Password` varchar(255) NOT NULL,
  `Email` varchar(255) NOT NULL,
  `FirstName` varchar(255) NOT NULL,
  `LastName` varchar(255) NOT NULL,
  `DisplayName` varchar(255) NOT NULL,
  `MobileNumber` varchar(255) NOT NULL,
  `Status` int(11) DEFAULT '1',
  `UserGroupID` bigint(20) NOT NULL,
  `CreatedDate` timestamp NOT NULL DEFAULT CURRENT_TIMESTAMP ON UPDATE CURRENT_TIMESTAMP,
  `ModifiedDate` timestamp NOT NULL DEFAULT '0000-00-00 00:00:00',
  `Avatar` varchar(255) DEFAULT NULL,
  `FullAccess` int(11) DEFAULT '0',
  PRIMARY KEY (`UserID`),
  UNIQUE KEY `Username` (`Username`),
  UNIQUE KEY `Email` (`Email`),
  KEY `UserGroupID` (`UserGroupID`),
  CONSTRAINT `users_ibfk_1` FOREIGN KEY (`UserGroupID`) REFERENCES `usergroup` (`UserGroupID`) ON DELETE NO ACTION ON UPDATE NO ACTION
) ENGINE=InnoDB AUTO_INCREMENT=4 DEFAULT CHARSET=utf8;
/*!40101 SET character_set_client = @saved_cs_client */;

--
-- Dumping data for table `users`
--

LOCK TABLES `users` WRITE;
/*!40000 ALTER TABLE `users` DISABLE KEYS */;
INSERT INTO `users` VALUES (1,'admin','123456','khanh.tran@hoanghacgroup.com','Administrator','Administrator','Nguyễn Minh Thế ','090.333.9659',1,1,'2015-11-27 17:11:58','2015-12-19 16:39:36',NULL,1),(2,'khanhtran','123456','khanhtran@gmail.com','Tran','Khanh','Khanh Tran','0989890960',1,1,'2015-12-01 13:12:25','2015-12-01 13:12:25','/vms-web/avatar/12273535_1091277117563082_2090137618183382587_o.jpg',1),(3,'customermanagement','123456','customermanagement@hoanghacgroup.com','Customer','Management','Customer Management','0000000000',1,1,'2015-12-21 16:15:27','2015-12-21 16:15:27',NULL,NULL);
/*!40000 ALTER TABLE `users` ENABLE KEYS */;
UNLOCK TABLES;
/*!40103 SET TIME_ZONE=@OLD_TIME_ZONE */;

/*!40101 SET SQL_MODE=@OLD_SQL_MODE */;
/*!40014 SET FOREIGN_KEY_CHECKS=@OLD_FOREIGN_KEY_CHECKS */;
/*!40014 SET UNIQUE_CHECKS=@OLD_UNIQUE_CHECKS */;
/*!40101 SET CHARACTER_SET_CLIENT=@OLD_CHARACTER_SET_CLIENT */;
/*!40101 SET CHARACTER_SET_RESULTS=@OLD_CHARACTER_SET_RESULTS */;
/*!40101 SET COLLATION_CONNECTION=@OLD_COLLATION_CONNECTION */;
/*!40111 SET SQL_NOTES=@OLD_SQL_NOTES */;

-- Dump completed on 2016-01-12 23:36:39
